Time,ERCOT_Total
2025-06-01 00:00:00,67529
2025-06-01 01:00:00,63819
2025-06-01 02:00:00,61570
2025-06-01 03:00:00,60480
2025-06-01 04:00:00,57988
2025-06-01 05:00:00,55039
2025-06-01 06:00:00,52059
2025-06-01 07:00:00,49472
2025-06-01 08:00:00,47408
2025-06-01 09:00:00,46043
2025-06-01 10:00:00,45309
2025-06-01 11:00:00,44929
2025-06-01 12:00:00,44542
2025-06-01 13:00:00,45300
2025-06-01 14:00:00,48340
2025-06-01 15:00:00,52039
2025-06-01 16:00:00,55566
2025-06-01 17:00:00,59312
2025-06-01 18:00:00,62636
2025-06-01 19:00:00,65798
2025-06-01 20:00:00,68529
2025-06-01 21:00:00,70665
2025-06-01 22:00:00,72334
2025-06-01 23:00:00,72315
2025-06-02 00:00:00,71638
2025-06-02 01:00:00,69662
2025-06-02 02:00:00,67068
2025-06-02 03:00:00,65275
2025-06-02 04:00:00,62062
2025-06-02 05:00:00,58044
2025-06-02 06:00:00,54477
2025-06-02 07:00:00,51864
2025-06-02 08:00:00,49827
2025-06-02 09:00:00,48739
2025-06-02 10:00:00,48642
2025-06-02 11:00:00,49625
2025-06-02 12:00:00,50826
2025-06-02 13:00:00,52347
2025-06-02 14:00:00,55244
2025-06-02 15:00:00,58794
2025-06-02 16:00:00,62838
2025-06-02 17:00:00,66994
2025-06-02 18:00:00,70654
2025-06-02 19:00:00,73359
2025-06-02 20:00:00,75157
2025-06-02 21:00:00,76062
2025-06-02 22:00:00,76162
2025-06-02 23:00:00,75694
2025-06-03 00:00:00,74715
2025-06-03 01:00:00,72740
2025-06-03 02:00:00,70732
2025-06-03 03:00:00,68749
2025-06-03 04:00:00,64999
2025-06-03 05:00:00,60881
2025-06-03 06:00:00,57395
2025-06-03 07:00:00,54684
2025-06-03 08:00:00,52824
2025-06-03 09:00:00,51503
2025-06-03 10:00:00,51238
2025-06-03 11:00:00,52044
2025-06-03 12:00:00,53160
2025-06-03 13:00:00,54439
2025-06-03 14:00:00,56962
2025-06-03 15:00:00,59652
2025-06-03 16:00:00,61977
2025-06-03 17:00:00,64419
2025-06-03 18:00:00,67663
2025-06-03 19:00:00,70187
2025-06-03 20:00:00,72086
2025-06-03 21:00:00,73388
2025-06-03 22:00:00,74751
2025-06-03 23:00:00,74753
2025-06-04 00:00:00,73302
2025-06-04 01:00:00,70900
2025-06-04 02:00:00,68297
2025-06-04 03:00:00,67122
2025-06-04 04:00:00,63726
2025-06-04 05:00:00,59417
2025-06-04 06:00:00,56165
2025-06-04 07:00:00,53468
2025-06-04 08:00:00,51563
2025-06-04 09:00:00,50464
2025-06-04 10:00:00,50301
2025-06-04 11:00:00,51210
2025-06-04 12:00:00,52463
2025-06-04 13:00:00,53208
2025-06-04 14:00:00,54416
2025-06-04 15:00:00,56213
2025-06-04 16:00:00,58585
2025-06-04 17:00:00,61008
2025-06-04 18:00:00,63202
2025-06-04 19:00:00,65528
2025-06-04 20:00:00,67360
2025-06-04 21:00:00,68169
2025-06-04 22:00:00,68826
2025-06-04 23:00:00,69455
2025-06-05 00:00:00,68838
2025-06-05 01:00:00,67209
2025-06-05 02:00:00,65262
2025-06-05 03:00:00,63726
2025-06-05 04:00:00,60696
2025-06-05 05:00:00,57124
2025-06-05 06:00:00,54024
2025-06-05 07:00:00,51716
2025-06-05 08:00:00,50193
2025-06-05 09:00:00,49325
2025-06-05 10:00:00,49359
2025-06-05 11:00:00,50523
2025-06-05 12:00:00,51895
2025-06-05 13:00:00,53180
2025-06-05 14:00:00,55404
2025-06-05 15:00:00,58174
2025-06-05 16:00:00,60638
2025-06-05 17:00:00,63103
2025-06-05 18:00:00,65413
2025-06-05 19:00:00,68381
2025-06-05 20:00:00,71786
2025-06-05 21:00:00,74418
2025-06-05 22:00:00,75902
2025-06-05 23:00:00,75684
2025-06-06 00:00:00,75060
2025-06-06 01:00:00,72029
2025-06-06 02:00:00,69195
2025-06-06 03:00:00,67421
2025-06-06 04:00:00,64468
2025-06-06 05:00:00,61480
2025-06-06 06:00:00,58408
2025-06-06 07:00:00,55692
2025-06-06 08:00:00,53976
2025-06-06 09:00:00,53213
2025-06-06 10:00:00,52998
2025-06-06 11:00:00,53604
2025-06-06 12:00:00,53707
2025-06-06 13:00:00,54707
2025-06-06 14:00:00,58108
2025-06-06 15:00:00,61357
2025-06-06 16:00:00,64720
2025-06-06 17:00:00,67980
2025-06-06 18:00:00,71146
2025-06-06 19:00:00,73505
2025-06-06 20:00:00,75439
2025-06-06 21:00:00,75586
2025-06-06 22:00:00,75840
2025-06-06 23:00:00,75912
2025-06-07 00:00:00,75710
2025-06-07 01:00:00,74286
2025-06-07 02:00:00,72152
2025-06-07 03:00:00,70046
2025-06-07 04:00:00,66740
2025-06-07 05:00:00,63196
2025-06-07 06:00:00,59909
2025-06-07 07:00:00,57132
2025-06-07 08:00:00,55098
2025-06-07 09:00:00,53785
2025-06-07 10:00:00,52765
2025-06-07 11:00:00,52509
2025-06-07 12:00:00,52389
2025-06-07 13:00:00,53002
2025-06-07 14:00:00,56153
2025-06-07 15:00:00,59932
2025-06-07 16:00:00,63523
2025-06-07 17:00:00,66896
2025-06-07 18:00:00,70009
2025-06-07 19:00:00,72240
2025-06-07 20:00:00,73906
2025-06-07 21:00:00,74935
2025-06-07 22:00:00,75505
2025-06-07 23:00:00,75184
2025-06-08 00:00:00,74993
2025-06-08 01:00:00,73065
2025-06-08 02:00:00,70388
2025-06-08 03:00:00,68543
2025-06-08 04:00:00,65628
2025-06-08 05:00:00,62529
2025-06-08 06:00:00,59567
2025-06-08 07:00:00,56961
2025-06-08 08:00:00,54804
2025-06-08 09:00:00,53277
2025-06-08 10:00:00,52119
2025-06-08 11:00:00,51606
2025-06-08 12:00:00,50920
2025-06-08 13:00:00,51673
2025-06-08 14:00:00,54818
2025-06-08 15:00:00,58631
2025-06-08 16:00:00,62085
2025-06-08 17:00:00,65892
2025-06-08 18:00:00,69660
2025-06-08 19:00:00,72998
2025-06-08 20:00:00,75378
2025-06-08 21:00:00,76025
2025-06-08 22:00:00,76266
2025-06-08 23:00:00,76397
2025-06-09 00:00:00,75727
2025-06-09 01:00:00,75251
2025-06-09 02:00:00,73384
2025-06-09 03:00:00,71333
2025-06-09 04:00:00,66834
2025-06-09 05:00:00,61208
2025-06-09 06:00:00,57240
2025-06-09 07:00:00,54467
2025-06-09 08:00:00,52496
2025-06-09 09:00:00,51346
2025-06-09 10:00:00,51199
2025-06-09 11:00:00,51908
2025-06-09 12:00:00,52670
2025-06-09 13:00:00,52950
2025-06-09 14:00:00,54190
2025-06-09 15:00:00,56944
2025-06-09 16:00:00,60407
2025-06-09 17:00:00,64063
2025-06-09 18:00:00,67551
2025-06-09 19:00:00,71541
2025-06-09 20:00:00,74783
2025-06-09 21:00:00,75471
2025-06-09 22:00:00,75752
2025-06-09 23:00:00,75595
2025-06-10 00:00:00,75240
2025-06-10 01:00:00,73195
2025-06-10 02:00:00,70469
2025-06-10 03:00:00,67719
2025-06-10 04:00:00,64310
2025-06-10 05:00:00,60502
2025-06-10 06:00:00,56894
2025-06-10 07:00:00,54116
2025-06-10 08:00:00,51845
2025-06-10 09:00:00,50376
2025-06-10 10:00:00,50188
2025-06-10 11:00:00,51251
2025-06-10 12:00:00,52434
2025-06-10 13:00:00,54045
2025-06-10 14:00:00,56419
2025-06-10 15:00:00,59137
2025-06-10 16:00:00,61111
2025-06-10 17:00:00,62496
2025-06-10 18:00:00,63355
2025-06-10 19:00:00,64282
2025-06-10 20:00:00,66124
2025-06-10 21:00:00,68329
2025-06-10 22:00:00,70063
2025-06-10 23:00:00,70282
2025-06-11 00:00:00,69242
2025-06-11 01:00:00,66945
2025-06-11 02:00:00,65313
2025-06-11 03:00:00,63784
2025-06-11 04:00:00,60805
2025-06-11 05:00:00,57348
2025-06-11 06:00:00,54662
2025-06-11 07:00:00,52267
2025-06-11 08:00:00,50331
2025-06-11 09:00:00,49419
2025-06-11 10:00:00,48960
2025-06-11 11:00:00,49468
2025-06-11 12:00:00,50941
2025-06-11 13:00:00,51895
2025-06-11 14:00:00,53208
2025-06-11 15:00:00,54613
2025-06-11 16:00:00,55462
2025-06-11 17:00:00,55990
2025-06-11 18:00:00,57043
2025-06-11 19:00:00,58795
2025-06-11 20:00:00,60360
2025-06-11 21:00:00,61723
2025-06-11 22:00:00,63120
2025-06-11 23:00:00,63494
2025-06-12 00:00:00,62997
2025-06-12 01:00:00,62127
2025-06-12 02:00:00,60801
2025-06-12 03:00:00,59662
2025-06-12 04:00:00,57448
2025-06-12 05:00:00,54623
2025-06-12 06:00:00,51822
2025-06-12 07:00:00,50111
2025-06-12 08:00:00,48844
2025-06-12 09:00:00,48001
2025-06-12 10:00:00,47617
2025-06-12 11:00:00,48410
2025-06-12 12:00:00,50100
2025-06-12 13:00:00,50850
2025-06-12 14:00:00,51801
2025-06-12 15:00:00,52853
2025-06-12 16:00:00,54218
2025-06-12 17:00:00,55586
2025-06-12 18:00:00,56873
2025-06-12 19:00:00,58103
2025-06-12 20:00:00,59711
2025-06-12 21:00:00,60974
2025-06-12 22:00:00,62363
2025-06-12 23:00:00,63517
2025-06-13 00:00:00,63398
2025-06-13 01:00:00,62119
2025-06-13 02:00:00,60422
2025-06-13 03:00:00,59108
2025-06-13 04:00:00,56387
2025-06-13 05:00:00,53607
2025-06-13 06:00:00,50900
2025-06-13 07:00:00,48889
2025-06-13 08:00:00,47490
2025-06-13 09:00:00,46725
2025-06-13 10:00:00,46674
2025-06-13 11:00:00,47547
2025-06-13 12:00:00,48730
2025-06-13 13:00:00,50317
2025-06-13 14:00:00,53406
2025-06-13 15:00:00,56914
2025-06-13 16:00:00,60467
2025-06-13 17:00:00,64461
2025-06-13 18:00:00,67746
2025-06-13 19:00:00,70475
2025-06-13 20:00:00,72816
2025-06-13 21:00:00,74514
2025-06-13 22:00:00,75650
2025-06-13 23:00:00,75538
2025-06-14 00:00:00,74293
2025-06-14 01:00:00,72025
2025-06-14 02:00:00,69137
2025-06-14 03:00:00,67087
2025-06-14 04:00:00,63960
2025-06-14 05:00:00,60519
2025-06-14 06:00:00,57258
2025-06-14 07:00:00,54360
2025-06-14 08:00:00,52118
2025-06-14 09:00:00,51212
2025-06-14 10:00:00,50593
2025-06-14 11:00:00,50637
2025-06-14 12:00:00,50532
2025-06-14 13:00:00,51412
2025-06-14 14:00:00,54117
2025-06-14 15:00:00,57209
2025-06-14 16:00:00,60954
2025-06-14 17:00:00,64211
2025-06-14 18:00:00,67323
2025-06-14 19:00:00,70334
2025-06-14 20:00:00,72664
2025-06-14 21:00:00,73654
2025-06-14 22:00:00,74407
2025-06-14 23:00:00,74529
2025-06-15 00:00:00,73572
2025-06-15 01:00:00,71523
2025-06-15 02:00:00,69004
2025-06-15 03:00:00,67331
2025-06-15 04:00:00,64376
2025-06-15 05:00:00,61206
2025-06-15 06:00:00,58302
2025-06-15 07:00:00,56001
2025-06-15 08:00:00,54106
2025-06-15 09:00:00,52778
2025-06-15 10:00:00,51848
2025-06-15 11:00:00,51549
2025-06-15 12:00:00,51148
2025-06-15 13:00:00,51866
2025-06-15 14:00:00,54619
2025-06-15 15:00:00,58060
2025-06-15 16:00:00,60762
2025-06-15 17:00:00,63126
2025-06-15 18:00:00,65121
2025-06-15 19:00:00,66435
2025-06-15 20:00:00,66410
2025-06-15 21:00:00,65286
2025-06-15 22:00:00,64847
2025-06-15 23:00:00,63777
2025-06-16 00:00:00,62262
2025-06-16 01:00:00,60854
2025-06-16 02:00:00,59737
2025-06-16 03:00:00,59079
2025-06-16 04:00:00,56457
2025-06-16 05:00:00,53298
2025-06-16 06:00:00,50661
2025-06-16 07:00:00,48618
2025-06-16 08:00:00,47203
2025-06-16 09:00:00,46667
2025-06-16 10:00:00,46930
2025-06-16 11:00:00,47871
2025-06-16 12:00:00,49291
2025-06-16 13:00:00,50639
2025-06-16 14:00:00,53672
2025-06-16 15:00:00,57026
2025-06-16 16:00:00,61154
2025-06-16 17:00:00,65480
2025-06-16 18:00:00,69249
2025-06-16 19:00:00,72474
2025-06-16 20:00:00,74265
2025-06-16 21:00:00,75095
2025-06-16 22:00:00,75437
2025-06-16 23:00:00,75305
2025-06-17 00:00:00,74588
2025-06-17 01:00:00,73078
2025-06-17 02:00:00,69591
2025-06-17 03:00:00,68276
2025-06-17 04:00:00,65639
2025-06-17 05:00:00,61546
2025-06-17 06:00:00,57747
2025-06-17 07:00:00,54876
2025-06-17 08:00:00,52863
2025-06-17 09:00:00,51532
2025-06-17 10:00:00,51078
2025-06-17 11:00:00,51866
2025-06-17 12:00:00,52946
2025-06-17 13:00:00,54571
2025-06-17 14:00:00,57591
2025-06-17 15:00:00,61150
2025-06-17 16:00:00,64846
2025-06-17 17:00:00,68545
2025-06-17 18:00:00,71856
2025-06-17 19:00:00,74813
2025-06-17 20:00:00,75819
2025-06-17 21:00:00,75920
2025-06-17 22:00:00,75725
2025-06-17 23:00:00,75750
2025-06-18 00:00:00,75851
2025-06-18 01:00:00,75048
2025-06-18 02:00:00,73502
2025-06-18 03:00:00,71437
2025-06-18 04:00:00,67860
2025-06-18 05:00:00,63709
2025-06-18 06:00:00,59955
2025-06-18 07:00:00,57057
2025-06-18 08:00:00,55198
2025-06-18 09:00:00,54228
2025-06-18 10:00:00,53971
2025-06-18 11:00:00,54375
2025-06-18 12:00:00,55352
2025-06-18 13:00:00,56517
2025-06-18 14:00:00,59307
2025-06-18 15:00:00,62192
2025-06-18 16:00:00,65440
2025-06-18 17:00:00,68744
2025-06-18 18:00:00,72002
2025-06-18 19:00:00,74564
2025-06-18 20:00:00,75587
2025-06-18 21:00:00,75834
2025-06-18 22:00:00,75758
2025-06-18 23:00:00,75845
2025-06-19 00:00:00,75716
2025-06-19 01:00:00,74814
2025-06-19 02:00:00,72620
2025-06-19 03:00:00,70831
2025-06-19 04:00:00,67675
2025-06-19 05:00:00,63842
2025-06-19 06:00:00,60380
2025-06-19 07:00:00,57736
2025-06-19 08:00:00,55692
2025-06-19 09:00:00,54224
2025-06-19 10:00:00,53644
2025-06-19 11:00:00,54044
2025-06-19 12:00:00,54743
2025-06-19 13:00:00,56156
2025-06-19 14:00:00,59119
2025-06-19 15:00:00,62670
2025-06-19 16:00:00,66534
2025-06-19 17:00:00,70264
2025-06-19 18:00:00,73556
2025-06-19 19:00:00,75770
2025-06-19 20:00:00,75860
2025-06-19 21:00:00,76762
2025-06-19 22:00:00,77295
2025-06-19 23:00:00,77179
2025-06-20 00:00:00,76724
2025-06-20 01:00:00,76118
2025-06-20 02:00:00,74039
2025-06-20 03:00:00,71884
2025-06-20 04:00:00,68786
2025-06-20 05:00:00,65223
2025-06-20 06:00:00,61852
2025-06-20 07:00:00,59224
2025-06-20 08:00:00,57248
2025-06-20 09:00:00,55854
2025-06-20 10:00:00,55273
2025-06-20 11:00:00,55679
2025-06-20 12:00:00,56231
2025-06-20 13:00:00,57372
2025-06-20 14:00:00,60475
2025-06-20 15:00:00,64182
2025-06-20 16:00:00,67735
2025-06-20 17:00:00,71077
2025-06-20 18:00:00,74263
2025-06-20 19:00:00,76318
2025-06-20 20:00:00,76829
2025-06-20 21:00:00,76943
2025-06-20 22:00:00,77040
2025-06-20 23:00:00,76575
2025-06-21 00:00:00,76582
2025-06-21 01:00:00,75761
2025-06-21 02:00:00,73124
2025-06-21 03:00:00,71308
2025-06-21 04:00:00,68203
2025-06-21 05:00:00,64811
2025-06-21 06:00:00,61563
2025-06-21 07:00:00,58788
2025-06-21 08:00:00,56728
2025-06-21 09:00:00,54993
2025-06-21 10:00:00,53759
2025-06-21 11:00:00,53276
2025-06-21 12:00:00,52973
2025-06-21 13:00:00,53719
2025-06-21 14:00:00,57080
2025-06-21 15:00:00,61024
2025-06-21 16:00:00,64775
2025-06-21 17:00:00,67945
2025-06-21 18:00:00,70823
2025-06-21 19:00:00,72197
2025-06-21 20:00:00,73389
2025-06-21 21:00:00,74888
2025-06-21 22:00:00,75679
2025-06-21 23:00:00,75675
2025-06-22 00:00:00,74762
2025-06-22 01:00:00,72411
2025-06-22 02:00:00,69794
2025-06-22 03:00:00,68220
2025-06-22 04:00:00,65482
2025-06-22 05:00:00,62274
2025-06-22 06:00:00,59365
2025-06-22 07:00:00,57016
2025-06-22 08:00:00,55022
2025-06-22 09:00:00,53512
2025-06-22 10:00:00,52529
2025-06-22 11:00:00,52057
2025-06-22 12:00:00,51367
2025-06-22 13:00:00,52248
2025-06-22 14:00:00,55597
2025-06-22 15:00:00,59533
2025-06-22 16:00:00,63157
2025-06-22 17:00:00,66495
2025-06-22 18:00:00,69372
2025-06-22 19:00:00,71830
2025-06-22 20:00:00,73526
2025-06-22 21:00:00,74866
2025-06-22 22:00:00,75778
2025-06-22 23:00:00,76170
2025-06-23 00:00:00,75761
2025-06-23 01:00:00,74166
2025-06-23 02:00:00,71488
2025-06-23 03:00:00,69549
2025-06-23 04:00:00,66184
2025-06-23 05:00:00,62364
2025-06-23 06:00:00,58913
2025-06-23 07:00:00,56393
2025-06-23 08:00:00,54706
2025-06-23 09:00:00,53525
2025-06-23 10:00:00,53290
2025-06-23 11:00:00,53946
2025-06-23 12:00:00,54882
2025-06-23 13:00:00,56449
2025-06-23 14:00:00,59750
2025-06-23 15:00:00,63313
2025-06-23 16:00:00,67000
2025-06-23 17:00:00,70743
2025-06-23 18:00:00,74006
2025-06-23 19:00:00,76371
2025-06-23 20:00:00,76817
2025-06-23 21:00:00,76088
2025-06-23 22:00:00,76633
2025-06-23 23:00:00,76716
2025-06-24 00:00:00,76373
2025-06-24 01:00:00,74965
2025-06-24 02:00:00,72781
2025-06-24 03:00:00,70795
2025-06-24 04:00:00,67141
2025-06-24 05:00:00,63035
2025-06-24 06:00:00,59259
2025-06-24 07:00:00,55884
2025-06-24 08:00:00,53742
2025-06-24 09:00:00,52380
2025-06-24 10:00:00,51935
2025-06-24 11:00:00,52500
2025-06-24 12:00:00,53472
2025-06-24 13:00:00,54888
2025-06-24 14:00:00,57765
2025-06-24 15:00:00,61513
2025-06-24 16:00:00,65663
2025-06-24 17:00:00,69297
2025-06-24 18:00:00,72809
2025-06-24 19:00:00,75471
2025-06-24 20:00:00,76587
2025-06-24 21:00:00,76472
2025-06-24 22:00:00,76371
2025-06-24 23:00:00,76380
2025-06-25 00:00:00,75505
2025-06-25 01:00:00,73515
2025-06-25 02:00:00,71016
2025-06-25 03:00:00,69330
2025-06-25 04:00:00,65744
2025-06-25 05:00:00,61659
2025-06-25 06:00:00,58094
2025-06-25 07:00:00,55212
2025-06-25 08:00:00,53222
2025-06-25 09:00:00,51909
2025-06-25 10:00:00,51339
2025-06-25 11:00:00,51955
2025-06-25 12:00:00,52952
2025-06-25 13:00:00,54018
2025-06-25 14:00:00,56280
2025-06-25 15:00:00,59470
2025-06-25 16:00:00,62817
2025-06-25 17:00:00,65703
2025-06-25 18:00:00,68353
2025-06-25 19:00:00,71192
2025-06-25 20:00:00,73388
2025-06-25 21:00:00,74251
2025-06-25 22:00:00,74174
2025-06-25 23:00:00,73258
2025-06-26 00:00:00,71557
2025-06-26 01:00:00,69338
2025-06-26 02:00:00,67159
2025-06-26 03:00:00,65658
2025-06-26 04:00:00,62590
2025-06-26 05:00:00,58843
2025-06-26 06:00:00,55577
2025-06-26 07:00:00,53036
2025-06-26 08:00:00,51415
2025-06-26 09:00:00,50471
2025-06-26 10:00:00,50265
2025-06-26 11:00:00,51287
2025-06-26 12:00:00,52533
2025-06-26 13:00:00,53938
2025-06-26 14:00:00,56343
2025-06-26 15:00:00,59972
2025-06-26 16:00:00,63704
2025-06-26 17:00:00,67116
2025-06-26 18:00:00,70375
2025-06-26 19:00:00,73310
2025-06-26 20:00:00,75031
2025-06-26 21:00:00,75475
2025-06-26 22:00:00,75194
2025-06-26 23:00:00,74452
2025-06-27 00:00:00,72848
2025-06-27 01:00:00,71037
2025-06-27 02:00:00,68893
2025-06-27 03:00:00,67236
2025-06-27 04:00:00,64081
2025-06-27 05:00:00,60305
2025-06-27 06:00:00,56957
2025-06-27 07:00:00,54169
2025-06-27 08:00:00,52392
2025-06-27 09:00:00,51055
2025-06-27 10:00:00,50557
2025-06-27 11:00:00,51233
2025-06-27 12:00:00,52207
2025-06-27 13:00:00,53452
2025-06-27 14:00:00,56212
2025-06-27 15:00:00,60371
2025-06-27 16:00:00,64441
2025-06-27 17:00:00,68208
2025-06-27 18:00:00,71673
2025-06-27 19:00:00,74346
2025-06-27 20:00:00,75621
2025-06-27 21:00:00,76310
2025-06-27 22:00:00,76489
2025-06-27 23:00:00,76471
2025-06-28 00:00:00,75477
2025-06-28 01:00:00,72699
2025-06-28 02:00:00,69297
2025-06-28 03:00:00,67951
2025-06-28 04:00:00,65780
2025-06-28 05:00:00,62693
2025-06-28 06:00:00,59542
2025-06-28 07:00:00,56683
2025-06-28 08:00:00,54560
2025-06-28 09:00:00,52939
2025-06-28 10:00:00,52021
2025-06-28 11:00:00,51767
2025-06-28 12:00:00,51512
2025-06-28 13:00:00,52508
2025-06-28 14:00:00,55907
2025-06-28 15:00:00,60205
2025-06-28 16:00:00,64090
2025-06-28 17:00:00,67919
2025-06-28 18:00:00,71142
2025-06-28 19:00:00,73897
2025-06-28 20:00:00,75502
2025-06-28 21:00:00,76394
2025-06-28 22:00:00,76668
2025-06-28 23:00:00,76600
2025-06-29 00:00:00,76267
2025-06-29 01:00:00,74416
2025-06-29 02:00:00,71461
2025-06-29 03:00:00,69268
2025-06-29 04:00:00,66409
2025-06-29 05:00:00,63110
2025-06-29 06:00:00,59725
2025-06-29 07:00:00,56941
2025-06-29 08:00:00,54820
2025-06-29 09:00:00,53161
2025-06-29 10:00:00,51958
2025-06-29 11:00:00,51436
2025-06-29 12:00:00,50814
2025-06-29 13:00:00,51771
2025-06-29 14:00:00,55129
2025-06-29 15:00:00,59181
2025-06-29 16:00:00,63201
2025-06-29 17:00:00,66489
2025-06-29 18:00:00,69129
2025-06-29 19:00:00,70863
2025-06-29 20:00:00,72123
2025-06-29 21:00:00,73182
2025-06-29 22:00:00,73783
2025-06-29 23:00:00,73931
2025-06-30 00:00:00,73451
2025-06-30 01:00:00,71845
2025-06-30 02:00:00,69467
2025-06-30 03:00:00,67661
2025-06-30 04:00:00,64553
2025-06-30 05:00:00,60631
2025-06-30 06:00:00,57235
2025-06-30 07:00:00,54910
2025-06-30 08:00:00,52992
2025-06-30 09:00:00,51975
2025-06-30 10:00:00,51454
2025-06-30 11:00:00,52173
2025-06-30 12:00:00,52908
2025-06-30 13:00:00,54198
2025-06-30 14:00:00,57769
2025-06-30 15:00:00,61360
2025-06-30 16:00:00,65337
2025-06-30 17:00:00,69258
2025-06-30 18:00:00,72521
2025-06-30 19:00:00,75003
2025-06-30 20:00:00,75994
2025-06-30 21:00:00,75173
2025-06-30 22:00:00,74046
2025-06-30 23:00:00,73910
2025-07-01 00:00:00,72362
2025-07-01 01:00:00,70132
2025-07-01 02:00:00,67494
2025-07-01 03:00:00,65627
2025-07-01 04:00:00,61993
2025-07-01 05:00:00,58025
2025-07-01 06:00:00,54768
2025-07-01 07:00:00,52413
2025-07-01 08:00:00,50476
2025-07-01 09:00:00,49319
2025-07-01 10:00:00,49252
2025-07-01 11:00:00,50005
2025-07-01 12:00:00,51044
2025-07-01 13:00:00,52152
2025-07-01 14:00:00,54902
2025-07-01 15:00:00,58045
2025-07-01 16:00:00,61673
2025-07-01 17:00:00,65337
2025-07-01 18:00:00,68818
2025-07-01 19:00:00,71868
2025-07-01 20:00:00,74123
2025-07-01 21:00:00,75169
2025-07-01 22:00:00,75436
2025-07-01 23:00:00,74547
2025-07-02 00:00:00,72703
2025-07-02 01:00:00,70379
2025-07-02 02:00:00,67540
2025-07-02 03:00:00,65396
2025-07-02 04:00:00,62463
2025-07-02 05:00:00,59753
2025-07-02 06:00:00,56974
2025-07-02 07:00:00,54794
2025-07-02 08:00:00,52782
2025-07-02 09:00:00,51698
2025-07-02 10:00:00,51686
2025-07-02 11:00:00,52365
2025-07-02 12:00:00,53265
2025-07-02 13:00:00,54504
2025-07-02 14:00:00,57266
2025-07-02 15:00:00,60767
2025-07-02 16:00:00,64491
2025-07-02 17:00:00,68341
2025-07-02 18:00:00,71589
2025-07-02 19:00:00,73764
2025-07-02 20:00:00,74595
2025-07-02 21:00:00,74438
2025-07-02 22:00:00,73641
2025-07-02 23:00:00,72449
2025-07-03 00:00:00,70576
2025-07-03 01:00:00,68609
2025-07-03 02:00:00,67059
2025-07-03 03:00:00,66015
2025-07-03 04:00:00,63075
2025-07-03 05:00:00,59646
2025-07-03 06:00:00,56674
2025-07-03 07:00:00,54370
2025-07-03 08:00:00,52934
2025-07-03 09:00:00,52177
2025-07-03 10:00:00,52123
2025-07-03 11:00:00,53056
2025-07-03 12:00:00,54113
2025-07-03 13:00:00,55255
2025-07-03 14:00:00,57334
2025-07-03 15:00:00,59988
2025-07-03 16:00:00,62524
2025-07-03 17:00:00,64634
2025-07-03 18:00:00,66495
2025-07-03 19:00:00,67540
2025-07-03 20:00:00,67307
2025-07-03 21:00:00,67131
2025-07-03 22:00:00,66487
2025-07-03 23:00:00,65733
2025-07-04 00:00:00,64329
2025-07-04 01:00:00,62665
2025-07-04 02:00:00,61486
2025-07-04 03:00:00,60820
2025-07-04 04:00:00,58884
2025-07-04 05:00:00,56601
2025-07-04 06:00:00,54385
2025-07-04 07:00:00,52637
2025-07-04 08:00:00,51248
2025-07-04 09:00:00,50478
2025-07-04 10:00:00,50013
2025-07-04 11:00:00,49921
2025-07-04 12:00:00,49903
2025-07-04 13:00:00,50220
2025-07-04 14:00:00,52650
2025-07-04 15:00:00,55356
2025-07-04 16:00:00,58432
2025-07-04 17:00:00,61899
2025-07-04 18:00:00,64525
2025-07-04 19:00:00,66161
2025-07-04 20:00:00,67227
2025-07-04 21:00:00,67627
2025-07-04 22:00:00,67299
2025-07-04 23:00:00,65706
2025-07-05 00:00:00,63456
2025-07-05 01:00:00,61593
2025-07-05 02:00:00,60212
2025-07-05 03:00:00,58972
2025-07-05 04:00:00,57618
2025-07-05 05:00:00,56048
2025-07-05 06:00:00,54144
2025-07-05 07:00:00,52367
2025-07-05 08:00:00,50873
2025-07-05 09:00:00,50021
2025-07-05 10:00:00,49478
2025-07-05 11:00:00,49645
2025-07-05 12:00:00,49718
2025-07-05 13:00:00,50267
2025-07-05 14:00:00,52332
2025-07-05 15:00:00,55112
2025-07-05 16:00:00,58034
2025-07-05 17:00:00,60418
2025-07-05 18:00:00,62289
2025-07-05 19:00:00,63744
2025-07-05 20:00:00,64827
2025-07-05 21:00:00,65326
2025-07-05 22:00:00,65243
2025-07-05 23:00:00,64555
2025-07-06 00:00:00,63431
2025-07-06 01:00:00,62030
2025-07-06 02:00:00,60917
2025-07-06 03:00:00,60463
2025-07-06 04:00:00,58575
2025-07-06 05:00:00,56177
2025-07-06 06:00:00,53697
2025-07-06 07:00:00,51510
2025-07-06 08:00:00,49689
2025-07-06 09:00:00,48753
2025-07-06 10:00:00,47914
2025-07-06 11:00:00,47637
2025-07-06 12:00:00,47510
2025-07-06 13:00:00,48576
2025-07-06 14:00:00,51530
2025-07-06 15:00:00,54871
2025-07-06 16:00:00,58254
2025-07-06 17:00:00,61035
2025-07-06 18:00:00,63645
2025-07-06 19:00:00,65625
2025-07-06 20:00:00,67373
2025-07-06 21:00:00,68735
2025-07-06 22:00:00,69387
2025-07-06 23:00:00,69511
2025-07-07 00:00:00,68493
2025-07-07 01:00:00,66875
2025-07-07 02:00:00,65170
2025-07-07 03:00:00,63484
2025-07-07 04:00:00,60936
2025-07-07 05:00:00,57645
2025-07-07 06:00:00,54681
2025-07-07 07:00:00,52397
2025-07-07 08:00:00,51043
2025-07-07 09:00:00,50358
2025-07-07 10:00:00,50500
2025-07-07 11:00:00,51592
2025-07-07 12:00:00,53000
2025-07-07 13:00:00,54328
2025-07-07 14:00:00,56650
2025-07-07 15:00:00,59512
2025-07-07 16:00:00,62658
2025-07-07 17:00:00,65831
2025-07-07 18:00:00,68474
2025-07-07 19:00:00,70866
2025-07-07 20:00:00,72967
2025-07-07 21:00:00,73998
2025-07-07 22:00:00,74405
2025-07-07 23:00:00,74401
2025-07-08 00:00:00,73463
2025-07-08 01:00:00,71258
2025-07-08 02:00:00,68641
2025-07-08 03:00:00,67246
2025-07-08 04:00:00,63777
2025-07-08 05:00:00,60076
2025-07-08 06:00:00,56745
2025-07-08 07:00:00,54195
2025-07-08 08:00:00,52124
2025-07-08 09:00:00,51166
2025-07-08 10:00:00,50975
2025-07-08 11:00:00,52103
2025-07-08 12:00:00,53282
2025-07-08 13:00:00,54429
2025-07-08 14:00:00,56931
2025-07-08 15:00:00,60388
2025-07-08 16:00:00,64480
2025-07-08 17:00:00,68321
2025-07-08 18:00:00,71273
2025-07-08 19:00:00,72125
2025-07-08 20:00:00,72925
2025-07-08 21:00:00,73453
2025-07-08 22:00:00,73351
2025-07-08 23:00:00,71602
2025-07-09 00:00:00,69673
2025-07-09 01:00:00,67515
2025-07-09 02:00:00,65115
2025-07-09 03:00:00,63214
2025-07-09 04:00:00,60026
2025-07-09 05:00:00,56198
2025-07-09 06:00:00,53144
2025-07-09 07:00:00,51036
2025-07-09 08:00:00,49345
2025-07-09 09:00:00,48626
2025-07-09 10:00:00,48575
2025-07-09 11:00:00,49717
2025-07-09 12:00:00,51053
2025-07-09 13:00:00,52531
2025-07-09 14:00:00,55233
2025-07-09 15:00:00,58421
2025-07-09 16:00:00,62058
2025-07-09 17:00:00,65724
2025-07-09 18:00:00,68478
2025-07-09 19:00:00,69766
2025-07-09 20:00:00,71238
2025-07-09 21:00:00,72617
2025-07-09 22:00:00,73496
2025-07-09 23:00:00,73767
2025-07-10 00:00:00,72852
2025-07-10 01:00:00,70474
2025-07-10 02:00:00,67056
2025-07-10 03:00:00,64703
2025-07-10 04:00:00,61474
2025-07-10 05:00:00,57797
2025-07-10 06:00:00,54480
2025-07-10 07:00:00,52106
2025-07-10 08:00:00,50318
2025-07-10 09:00:00,49168
2025-07-10 10:00:00,49076
2025-07-10 11:00:00,49969
2025-07-10 12:00:00,51135
2025-07-10 13:00:00,52494
2025-07-10 14:00:00,55097
2025-07-10 15:00:00,58497
2025-07-10 16:00:00,62533
2025-07-10 17:00:00,66607
2025-07-10 18:00:00,70330
2025-07-10 19:00:00,73430
2025-07-10 20:00:00,75109
2025-07-10 21:00:00,75827
2025-07-10 22:00:00,76708
2025-07-10 23:00:00,76631
2025-07-11 00:00:00,76129
2025-07-11 01:00:00,74844
2025-07-11 02:00:00,72229
2025-07-11 03:00:00,70413
2025-07-11 04:00:00,67301
2025-07-11 05:00:00,63425
2025-07-11 06:00:00,59744
2025-07-11 07:00:00,57054
2025-07-11 08:00:00,54991
2025-07-11 09:00:00,53510
2025-07-11 10:00:00,53042
2025-07-11 11:00:00,53488
2025-07-11 12:00:00,54438
2025-07-11 13:00:00,55368
2025-07-11 14:00:00,57801
2025-07-11 15:00:00,61328
2025-07-11 16:00:00,65154
2025-07-11 17:00:00,68616
2025-07-11 18:00:00,70992
2025-07-11 19:00:00,72447
2025-07-11 20:00:00,73443
2025-07-11 21:00:00,74877
2025-07-11 22:00:00,75255
2025-07-11 23:00:00,74738
2025-07-12 00:00:00,73955
2025-07-12 01:00:00,72169
2025-07-12 02:00:00,68939
2025-07-12 03:00:00,65831
2025-07-12 04:00:00,64853
2025-07-12 05:00:00,61783
2025-07-12 06:00:00,58834
2025-07-12 07:00:00,56431
2025-07-12 08:00:00,54542
2025-07-12 09:00:00,53268
2025-07-12 10:00:00,52508
2025-07-12 11:00:00,52224
2025-07-12 12:00:00,52376
2025-07-12 13:00:00,53218
2025-07-12 14:00:00,55959
2025-07-12 15:00:00,59374
2025-07-12 16:00:00,62420
2025-07-12 17:00:00,66368
2025-07-12 18:00:00,69222
2025-07-12 19:00:00,71497
2025-07-12 20:00:00,72187
2025-07-12 21:00:00,72964
2025-07-12 22:00:00,73722
2025-07-12 23:00:00,73367
2025-07-13 00:00:00,71081
2025-07-13 01:00:00,67858
2025-07-13 02:00:00,64616
2025-07-13 03:00:00,63827
2025-07-13 04:00:00,61266
2025-07-13 05:00:00,58841
2025-07-13 06:00:00,56355
2025-07-13 07:00:00,54042
2025-07-13 08:00:00,52320
2025-07-13 09:00:00,51124
2025-07-13 10:00:00,50321
2025-07-13 11:00:00,49997
2025-07-13 12:00:00,49815
2025-07-13 13:00:00,50399
2025-07-13 14:00:00,53091
2025-07-13 15:00:00,55947
2025-07-13 16:00:00,59174
2025-07-13 17:00:00,62367
2025-07-13 18:00:00,64372
2025-07-13 19:00:00,65496
2025-07-13 20:00:00,66314
2025-07-13 21:00:00,67551
2025-07-13 22:00:00,68682
2025-07-13 23:00:00,69088
2025-07-14 00:00:00,68344
2025-07-14 01:00:00,66564
2025-07-14 02:00:00,64951
2025-07-14 03:00:00,63856
2025-07-14 04:00:00,60850
2025-07-14 05:00:00,57387
2025-07-14 06:00:00,54401
2025-07-14 07:00:00,52266
2025-07-14 08:00:00,50773
2025-07-14 09:00:00,50133
2025-07-14 10:00:00,50147
2025-07-14 11:00:00,51294
2025-07-14 12:00:00,52779
2025-07-14 13:00:00,54026
2025-07-14 14:00:00,56665
2025-07-14 15:00:00,59288
2025-07-14 16:00:00,62165
2025-07-14 17:00:00,65030
2025-07-14 18:00:00,67928
2025-07-14 19:00:00,70285
2025-07-14 20:00:00,71863
2025-07-14 21:00:00,73558
2025-07-14 22:00:00,75367
2025-07-14 23:00:00,75725
2025-07-15 00:00:00,74525
2025-07-15 01:00:00,72123
2025-07-15 02:00:00,70144
2025-07-15 03:00:00,68218
2025-07-15 04:00:00,64646
2025-07-15 05:00:00,60722
2025-07-15 06:00:00,57490
2025-07-15 07:00:00,55246
2025-07-15 08:00:00,53646
2025-07-15 09:00:00,52578
2025-07-15 10:00:00,52425
2025-07-15 11:00:00,53451
2025-07-15 12:00:00,54598
2025-07-15 13:00:00,55583
2025-07-15 14:00:00,58020
2025-07-15 15:00:00,61497
2025-07-15 16:00:00,65604
2025-07-15 17:00:00,69620
2025-07-15 18:00:00,73217
2025-07-15 19:00:00,75994
2025-07-15 20:00:00,76503
2025-07-15 21:00:00,77184
2025-07-15 22:00:00,77946
2025-07-15 23:00:00,77451
2025-07-16 00:00:00,77169
2025-07-16 01:00:00,75697
2025-07-16 02:00:00,72820
2025-07-16 03:00:00,70254
2025-07-16 04:00:00,66467
2025-07-16 05:00:00,62497
2025-07-16 06:00:00,58961
2025-07-16 07:00:00,56480
2025-07-16 08:00:00,54520
2025-07-16 09:00:00,53784
2025-07-16 10:00:00,53508
2025-07-16 11:00:00,54301
2025-07-16 12:00:00,55324
2025-07-16 13:00:00,56168
2025-07-16 14:00:00,58445
2025-07-16 15:00:00,61943
2025-07-16 16:00:00,65766
2025-07-16 17:00:00,69382
2025-07-16 18:00:00,72879
2025-07-16 19:00:00,75991
2025-07-16 20:00:00,77405
2025-07-16 21:00:00,78014
2025-07-16 22:00:00,78536
2025-07-16 23:00:00,78479
2025-07-17 00:00:00,78100
2025-07-17 01:00:00,76871
2025-07-17 02:00:00,74717
2025-07-17 03:00:00,72485
2025-07-17 04:00:00,68522
2025-07-17 05:00:00,64279
2025-07-17 06:00:00,60455
2025-07-17 07:00:00,57428
2025-07-17 08:00:00,55126
2025-07-17 09:00:00,53662
2025-07-17 10:00:00,52822
2025-07-17 11:00:00,53303
2025-07-17 12:00:00,54077
2025-07-17 13:00:00,54823
2025-07-17 14:00:00,57344
2025-07-17 15:00:00,60591
2025-07-17 16:00:00,64050
2025-07-17 17:00:00,67673
2025-07-17 18:00:00,71121
2025-07-17 19:00:00,74355
2025-07-17 20:00:00,76673
2025-07-17 21:00:00,77571
2025-07-17 22:00:00,78048
2025-07-17 23:00:00,77984
2025-07-18 00:00:00,77204
2025-07-18 01:00:00,75650
2025-07-18 02:00:00,73294
2025-07-18 03:00:00,71026
2025-07-18 04:00:00,67191
2025-07-18 05:00:00,63036
2025-07-18 06:00:00,59237
2025-07-18 07:00:00,56457
2025-07-18 08:00:00,54343
2025-07-18 09:00:00,52880
2025-07-18 10:00:00,52507
2025-07-18 11:00:00,53016
2025-07-18 12:00:00,53900
2025-07-18 13:00:00,54694
2025-07-18 14:00:00,57261
2025-07-18 15:00:00,60535
2025-07-18 16:00:00,64064
2025-07-18 17:00:00,67776
2025-07-18 18:00:00,71524
2025-07-18 19:00:00,74978
2025-07-18 20:00:00,76900
2025-07-18 21:00:00,77952
2025-07-18 22:00:00,77886
2025-07-18 23:00:00,77721
2025-07-19 00:00:00,77038
2025-07-19 01:00:00,75260
2025-07-19 02:00:00,72781
2025-07-19 03:00:00,70539
2025-07-19 04:00:00,67211
2025-07-19 05:00:00,63542
2025-07-19 06:00:00,60319
2025-07-19 07:00:00,57639
2025-07-19 08:00:00,55638
2025-07-19 09:00:00,54253
2025-07-19 10:00:00,53531
2025-07-19 11:00:00,53023
2025-07-19 12:00:00,53079
2025-07-19 13:00:00,53656
2025-07-19 14:00:00,56645
2025-07-19 15:00:00,60766
2025-07-19 16:00:00,64828
2025-07-19 17:00:00,68651
2025-07-19 18:00:00,72040
2025-07-19 19:00:00,74704
2025-07-19 20:00:00,76518
2025-07-19 21:00:00,77524
2025-07-19 22:00:00,77751
2025-07-19 23:00:00,77517
2025-07-20 00:00:00,76765
2025-07-20 01:00:00,75159
2025-07-20 02:00:00,72699
2025-07-20 03:00:00,70778
2025-07-20 04:00:00,67738
2025-07-20 05:00:00,64481
2025-07-20 06:00:00,61419
2025-07-20 07:00:00,58887
2025-07-20 08:00:00,56801
2025-07-20 09:00:00,55342
2025-07-20 10:00:00,54412
2025-07-20 11:00:00,53792
2025-07-20 12:00:00,53376
2025-07-20 13:00:00,53657
2025-07-20 14:00:00,56366
2025-07-20 15:00:00,60219
2025-07-20 16:00:00,63869
2025-07-20 17:00:00,67521
2025-07-20 18:00:00,70796
2025-07-20 19:00:00,73537
2025-07-20 20:00:00,75627
2025-07-20 21:00:00,77063
2025-07-20 22:00:00,77352
2025-07-20 23:00:00,77406
2025-07-21 00:00:00,76922
2025-07-21 01:00:00,75427
2025-07-21 02:00:00,73085
2025-07-21 03:00:00,71224
2025-07-21 04:00:00,67916
2025-07-21 05:00:00,64101
2025-07-21 06:00:00,60792
2025-07-21 07:00:00,57972
2025-07-21 08:00:00,56027
2025-07-21 09:00:00,54929
2025-07-21 10:00:00,54573
2025-07-21 11:00:00,55178
2025-07-21 12:00:00,56169
2025-07-21 13:00:00,57208
2025-07-21 14:00:00,60091
2025-07-21 15:00:00,63732
2025-07-21 16:00:00,67429
2025-07-21 17:00:00,71503
2025-07-21 18:00:00,75263
2025-07-21 19:00:00,77806
2025-07-21 20:00:00,78552
2025-07-21 21:00:00,78676
2025-07-21 22:00:00,79153
2025-07-21 23:00:00,79258
2025-07-22 00:00:00,78977
2025-07-22 01:00:00,78106
2025-07-22 02:00:00,76320
2025-07-22 03:00:00,73978
2025-07-22 04:00:00,69979
2025-07-22 05:00:00,65824
2025-07-22 06:00:00,62100
2025-07-22 07:00:00,59117
2025-07-22 08:00:00,56848
2025-07-22 09:00:00,55568
2025-07-22 10:00:00,55163
2025-07-22 11:00:00,55681
2025-07-22 12:00:00,56396
2025-07-22 13:00:00,57121
2025-07-22 14:00:00,60123
2025-07-22 15:00:00,63809
2025-07-22 16:00:00,67643
2025-07-22 17:00:00,71438
2025-07-22 18:00:00,75246
2025-07-22 19:00:00,78306
2025-07-22 20:00:00,79117
2025-07-22 21:00:00,79586
2025-07-22 22:00:00,79751
2025-07-22 23:00:00,79562
2025-07-23 00:00:00,79344
2025-07-23 01:00:00,78335
2025-07-23 02:00:00,76130
2025-07-23 03:00:00,73545
2025-07-23 04:00:00,68953
2025-07-23 05:00:00,65090
2025-07-23 06:00:00,61621
2025-07-23 07:00:00,58839
2025-07-23 08:00:00,56791
2025-07-23 09:00:00,55122
2025-07-23 10:00:00,54572
2025-07-23 11:00:00,54912
2025-07-23 12:00:00,55592
2025-07-23 13:00:00,56235
2025-07-23 14:00:00,59047
2025-07-23 15:00:00,63232
2025-07-23 16:00:00,67339
2025-07-23 17:00:00,71442
2025-07-23 18:00:00,75130
2025-07-23 19:00:00,78181
2025-07-23 20:00:00,79293
2025-07-23 21:00:00,80177
2025-07-23 22:00:00,80652
2025-07-23 23:00:00,80856
2025-07-24 00:00:00,80502
2025-07-24 01:00:00,79997
2025-07-24 02:00:00,78405
2025-07-24 03:00:00,75898
2025-07-24 04:00:00,71833
2025-07-24 05:00:00,67534
2025-07-24 06:00:00,63387
2025-07-24 07:00:00,59883
2025-07-24 08:00:00,57487
2025-07-24 09:00:00,56053
2025-07-24 10:00:00,55558
2025-07-24 11:00:00,55967
2025-07-24 12:00:00,56549
2025-07-24 13:00:00,57330
2025-07-24 14:00:00,60345
2025-07-24 15:00:00,64160
2025-07-24 16:00:00,68350
2025-07-24 17:00:00,72470
2025-07-24 18:00:00,76305
2025-07-24 19:00:00,79430
2025-07-24 20:00:00,80536
2025-07-24 21:00:00,81324
2025-07-24 22:00:00,81629
2025-07-24 23:00:00,81476
2025-07-25 00:00:00,80965
2025-07-25 01:00:00,80398
2025-07-25 02:00:00,78376
2025-07-25 03:00:00,75524
2025-07-25 04:00:00,71278
2025-07-25 05:00:00,66882
2025-07-25 06:00:00,62624
2025-07-25 07:00:00,59141
2025-07-25 08:00:00,56144
2025-07-25 09:00:00,54405
2025-07-25 10:00:00,53819
2025-07-25 11:00:00,54045
2025-07-25 12:00:00,54172
2025-07-25 13:00:00,55196
2025-07-25 14:00:00,58175
2025-07-25 15:00:00,61391
2025-07-25 16:00:00,65457
2025-07-25 17:00:00,69560
2025-07-25 18:00:00,73262
2025-07-25 19:00:00,76262
2025-07-25 20:00:00,77792
2025-07-25 21:00:00,78506
2025-07-25 22:00:00,78425
2025-07-25 23:00:00,77893
2025-07-26 00:00:00,75865
2025-07-26 01:00:00,73614
2025-07-26 02:00:00,71283
2025-07-26 03:00:00,69191
2025-07-26 04:00:00,66281
2025-07-26 05:00:00,63139
2025-07-26 06:00:00,59806
2025-07-26 07:00:00,57241
2025-07-26 08:00:00,55397
2025-07-26 09:00:00,53972
2025-07-26 10:00:00,53076
2025-07-26 11:00:00,52930
2025-07-26 12:00:00,53064
2025-07-26 13:00:00,53488
2025-07-26 14:00:00,55856
2025-07-26 15:00:00,59488
2025-07-26 16:00:00,63686
2025-07-26 17:00:00,67821
2025-07-26 18:00:00,71184
2025-07-26 19:00:00,73675
2025-07-26 20:00:00,75074
2025-07-26 21:00:00,75761
2025-07-26 22:00:00,75783
2025-07-26 23:00:00,75395
2025-07-27 00:00:00,74235
2025-07-27 01:00:00,72409
2025-07-27 02:00:00,70324
2025-07-27 03:00:00,68511
2025-07-27 04:00:00,65782
2025-07-27 05:00:00,62651
2025-07-27 06:00:00,59729
2025-07-27 07:00:00,57322
2025-07-27 08:00:00,55557
2025-07-27 09:00:00,54187
2025-07-27 10:00:00,53203
2025-07-27 11:00:00,52300
2025-07-27 12:00:00,52058
2025-07-27 13:00:00,52426
2025-07-27 14:00:00,55231
2025-07-27 15:00:00,59114
2025-07-27 16:00:00,62973
2025-07-27 17:00:00,67017
2025-07-27 18:00:00,70660
2025-07-27 19:00:00,73607
2025-07-27 20:00:00,75338
2025-07-27 21:00:00,76674
2025-07-27 22:00:00,77564
2025-07-27 23:00:00,77593
2025-07-28 00:00:00,76428
2025-07-28 01:00:00,74050
2025-07-28 02:00:00,71514
2025-07-28 03:00:00,69801
2025-07-28 04:00:00,66633
2025-07-28 05:00:00,62971
2025-07-28 06:00:00,59405
2025-07-28 07:00:00,56762
2025-07-28 08:00:00,54981
2025-07-28 09:00:00,53783
2025-07-28 10:00:00,53571
2025-07-28 11:00:00,54515
2025-07-28 12:00:00,55654
2025-07-28 13:00:00,56686
2025-07-28 14:00:00,59742
2025-07-28 15:00:00,64002
2025-07-28 16:00:00,68378
2025-07-28 17:00:00,72356
2025-07-28 18:00:00,76300
2025-07-28 19:00:00,79683
2025-07-28 20:00:00,80996
2025-07-28 21:00:00,81354
2025-07-28 22:00:00,81116
2025-07-28 23:00:00,81207
2025-07-29 00:00:00,80964
2025-07-29 01:00:00,79937
2025-07-29 02:00:00,77231
2025-07-29 03:00:00,74329
2025-07-29 04:00:00,70292
2025-07-29 05:00:00,65948
2025-07-29 06:00:00,62080
2025-07-29 07:00:00,58922
2025-07-29 08:00:00,56459
2025-07-29 09:00:00,55137
2025-07-29 10:00:00,54393
2025-07-29 11:00:00,54829
2025-07-29 12:00:00,55593
2025-07-29 13:00:00,56209
2025-07-29 14:00:00,58864
2025-07-29 15:00:00,62527
2025-07-29 16:00:00,66850
2025-07-29 17:00:00,71448
2025-07-29 18:00:00,75839
2025-07-29 19:00:00,79679
2025-07-29 20:00:00,81134
2025-07-29 21:00:00,81447
2025-07-29 22:00:00,81572
2025-07-29 23:00:00,81543
2025-07-30 00:00:00,81386
2025-07-30 01:00:00,79986
2025-07-30 02:00:00,76645
2025-07-30 03:00:00,74121
2025-07-30 04:00:00,70112
2025-07-30 05:00:00,65486
2025-07-30 06:00:00,61402
2025-07-30 07:00:00,57982
2025-07-30 08:00:00,55467
2025-07-30 09:00:00,53595
2025-07-30 10:00:00,52868
2025-07-30 11:00:00,53120
2025-07-30 12:00:00,53440
2025-07-30 13:00:00,54087
2025-07-30 14:00:00,56543
2025-07-30 15:00:00,60437
2025-07-30 16:00:00,64957
2025-07-30 17:00:00,69849
2025-07-30 18:00:00,74819
2025-07-30 19:00:00,78942
2025-07-30 20:00:00,80888
2025-07-30 21:00:00,81299
2025-07-30 22:00:00,81458
2025-07-30 23:00:00,81707
2025-07-31 00:00:00,81037
2025-07-31 01:00:00,78878
2025-07-31 02:00:00,75389
2025-07-31 03:00:00,72886
2025-07-31 04:00:00,69597
2025-07-31 05:00:00,65951
2025-07-31 06:00:00,62110
2025-07-31 07:00:00,59018
2025-07-31 08:00:00,56497
2025-07-31 09:00:00,54953
2025-07-31 10:00:00,54324
2025-07-31 11:00:00,54870
2025-07-31 12:00:00,55657
2025-07-31 13:00:00,55957
2025-07-31 14:00:00,58630
2025-07-31 15:00:00,62435
2025-07-31 16:00:00,67204
2025-07-31 17:00:00,72235
2025-07-31 18:00:00,76682
2025-07-31 19:00:00,80202
2025-07-31 20:00:00,81051
2025-07-31 21:00:00,81257
2025-07-31 22:00:00,81464
2025-07-31 23:00:00,81473
2025-08-01 00:00:00,81455
2025-08-01 01:00:00,79928
2025-08-01 02:00:00,77935
2025-08-01 03:00:00,74099
2025-08-01 04:00:00,70162
2025-08-01 05:00:00,66550
2025-08-01 06:00:00,63080
2025-08-01 07:00:00,60074
2025-08-01 08:00:00,57532
2025-08-01 09:00:00,56051
2025-08-01 10:00:00,55605
2025-08-01 11:00:00,55650
2025-08-01 12:00:00,56558
2025-08-01 13:00:00,56870
2025-08-01 14:00:00,59465
2025-08-01 15:00:00,62786
2025-08-01 16:00:00,66512
2025-08-01 17:00:00,70494
2025-08-01 18:00:00,74310
2025-08-01 19:00:00,77924
2025-08-01 20:00:00,79808
2025-08-01 21:00:00,80685
2025-08-01 22:00:00,81229
2025-08-01 23:00:00,80826
2025-08-02 00:00:00,79606
2025-08-02 01:00:00,76284
2025-08-02 02:00:00,73391
2025-08-02 03:00:00,71259
2025-08-02 04:00:00,68176
2025-08-02 05:00:00,64542
2025-08-02 06:00:00,60825
2025-08-02 07:00:00,58065
2025-08-02 08:00:00,55587
2025-08-02 09:00:00,54000
2025-08-02 10:00:00,53096
2025-08-02 11:00:00,52434
2025-08-02 12:00:00,52387
2025-08-02 13:00:00,52962
2025-08-02 14:00:00,56610
2025-08-02 15:00:00,60485
2025-08-02 16:00:00,64667
2025-08-02 17:00:00,68420
2025-08-02 18:00:00,71212
2025-08-02 19:00:00,73026
2025-08-02 20:00:00,73829
2025-08-02 21:00:00,74352
2025-08-02 22:00:00,75182
2025-08-02 23:00:00,74758
2025-08-03 00:00:00,73116
2025-08-03 01:00:00,71069
2025-08-03 02:00:00,68744
2025-08-03 03:00:00,67199
2025-08-03 04:00:00,63982
2025-08-03 05:00:00,60816
2025-08-03 06:00:00,57969
2025-08-03 07:00:00,55468
2025-08-03 08:00:00,53470
2025-08-03 09:00:00,52200
2025-08-03 10:00:00,51224
2025-08-03 11:00:00,50800
2025-08-03 12:00:00,50634
2025-08-03 13:00:00,50843
2025-08-03 14:00:00,53815
2025-08-03 15:00:00,57880
2025-08-03 16:00:00,62523
2025-08-03 17:00:00,67198
2025-08-03 18:00:00,71384
2025-08-03 19:00:00,73565
2025-08-03 20:00:00,73918
2025-08-03 21:00:00,75026
2025-08-03 22:00:00,76579
2025-08-03 23:00:00,77603
2025-08-04 00:00:00,76902
2025-08-04 01:00:00,74578
2025-08-04 02:00:00,71526
2025-08-04 03:00:00,69991
2025-08-04 04:00:00,66782
2025-08-04 05:00:00,62925
2025-08-04 06:00:00,59356
2025-08-04 07:00:00,56571
2025-08-04 08:00:00,54564
2025-08-04 09:00:00,53545
2025-08-04 10:00:00,53085
2025-08-04 11:00:00,53297
2025-08-04 12:00:00,54286
2025-08-04 13:00:00,54895
2025-08-04 14:00:00,57027
2025-08-04 15:00:00,59813
2025-08-04 16:00:00,62326
2025-08-04 17:00:00,63918
2025-08-04 18:00:00,66293
2025-08-04 19:00:00,68853
2025-08-04 20:00:00,71470
2025-08-04 21:00:00,73523
2025-08-04 22:00:00,75581
2025-08-04 23:00:00,76565
2025-08-05 00:00:00,75379
2025-08-05 01:00:00,73179
2025-08-05 02:00:00,70862
2025-08-05 03:00:00,68740
2025-08-05 04:00:00,65099
2025-08-05 05:00:00,60999
2025-08-05 06:00:00,57352
2025-08-05 07:00:00,54750
2025-08-05 08:00:00,52767
2025-08-05 09:00:00,51484
2025-08-05 10:00:00,51187
2025-08-05 11:00:00,52109
2025-08-05 12:00:00,53271
2025-08-05 13:00:00,54084
2025-08-05 14:00:00,56728
2025-08-05 15:00:00,60638
2025-08-05 16:00:00,65181
2025-08-05 17:00:00,69442
2025-08-05 18:00:00,73402
2025-08-05 19:00:00,76944
2025-08-05 20:00:00,79139
2025-08-05 21:00:00,80654
2025-08-05 22:00:00,80773
2025-08-05 23:00:00,80513
2025-08-06 00:00:00,79614
2025-08-06 01:00:00,77478
2025-08-06 02:00:00,74975
2025-08-06 03:00:00,72114
2025-08-06 04:00:00,68120
2025-08-06 05:00:00,63949
2025-08-06 06:00:00,60342
2025-08-06 07:00:00,57639
2025-08-06 08:00:00,55505
2025-08-06 09:00:00,54214
2025-08-06 10:00:00,53804
2025-08-06 11:00:00,54490
2025-08-06 12:00:00,55593
2025-08-06 13:00:00,56220
2025-08-06 14:00:00,58855
2025-08-06 15:00:00,62907
2025-08-06 16:00:00,67501
2025-08-06 17:00:00,71733
2025-08-06 18:00:00,75554
2025-08-06 19:00:00,79026
2025-08-06 20:00:00,80380
2025-08-06 21:00:00,80995
2025-08-06 22:00:00,80990
2025-08-06 23:00:00,80584
2025-08-07 00:00:00,79979
2025-08-07 01:00:00,78566
2025-08-07 02:00:00,75899
2025-08-07 03:00:00,73227
2025-08-07 04:00:00,69936
2025-08-07 05:00:00,65551
2025-08-07 06:00:00,62032
2025-08-07 07:00:00,59112
2025-08-07 08:00:00,56935
2025-08-07 09:00:00,55276
2025-08-07 10:00:00,54982
2025-08-07 11:00:00,55355
2025-08-07 12:00:00,56350
2025-08-07 13:00:00,57174
2025-08-07 14:00:00,59953
2025-08-07 15:00:00,64092
2025-08-07 16:00:00,68812
2025-08-07 17:00:00,73373
2025-08-07 18:00:00,77544
2025-08-07 19:00:00,80551
2025-08-07 20:00:00,81205
2025-08-07 21:00:00,81707
2025-08-07 22:00:00,82049
2025-08-07 23:00:00,81629
2025-08-08 00:00:00,81431
2025-08-08 01:00:00,80084
2025-08-08 02:00:00,76998
2025-08-08 03:00:00,74538
2025-08-08 04:00:00,70832
2025-08-08 05:00:00,66585
2025-08-08 06:00:00,63208
2025-08-08 07:00:00,60259
2025-08-08 08:00:00,57913
2025-08-08 09:00:00,56337
2025-08-08 10:00:00,55913
2025-08-08 11:00:00,56196
2025-08-08 12:00:00,57092
2025-08-08 13:00:00,57664
2025-08-08 14:00:00,60467
2025-08-08 15:00:00,64775
2025-08-08 16:00:00,69498
2025-08-08 17:00:00,73915
2025-08-08 18:00:00,77973
2025-08-08 19:00:00,81085
2025-08-08 20:00:00,81898
2025-08-08 21:00:00,82294
2025-08-08 22:00:00,82468
2025-08-08 23:00:00,82360
2025-08-09 00:00:00,81793
2025-08-09 01:00:00,80896
2025-08-09 02:00:00,78307
2025-08-09 03:00:00,75665
2025-08-09 04:00:00,72163
2025-08-09 05:00:00,68496
2025-08-09 06:00:00,64647
2025-08-09 07:00:00,61541
2025-08-09 08:00:00,58850
2025-08-09 09:00:00,56923
2025-08-09 10:00:00,55722
2025-08-09 11:00:00,55275
2025-08-09 12:00:00,55110
2025-08-09 13:00:00,55343
2025-08-09 14:00:00,58457
2025-08-09 15:00:00,62842
2025-08-09 16:00:00,67329
2025-08-09 17:00:00,71545
2025-08-09 18:00:00,75876
2025-08-09 19:00:00,79132
2025-08-09 20:00:00,81396
2025-08-09 21:00:00,81957
2025-08-09 22:00:00,81822
2025-08-09 23:00:00,81466
2025-08-10 00:00:00,80351
2025-08-10 01:00:00,78104
2025-08-10 02:00:00,75640
2025-08-10 03:00:00,73166
2025-08-10 04:00:00,69791
2025-08-10 05:00:00,66431
2025-08-10 06:00:00,62925
2025-08-10 07:00:00,59999
2025-08-10 08:00:00,57797
2025-08-10 09:00:00,55995
2025-08-10 10:00:00,54620
2025-08-10 11:00:00,53869
2025-08-10 12:00:00,53260
2025-08-10 13:00:00,53232
2025-08-10 14:00:00,56325
2025-08-10 15:00:00,60583
2025-08-10 16:00:00,64732
2025-08-10 17:00:00,69003
2025-08-10 18:00:00,72960
2025-08-10 19:00:00,76133
2025-08-10 20:00:00,78746
2025-08-10 21:00:00,80616
2025-08-10 22:00:00,81171
2025-08-10 23:00:00,81217
2025-08-11 00:00:00,80425
2025-08-11 01:00:00,78378
2025-08-11 02:00:00,75941
2025-08-11 03:00:00,73293
2025-08-11 04:00:00,69095
2025-08-11 05:00:00,65072
2025-08-11 06:00:00,61347
2025-08-11 07:00:00,58391
2025-08-11 08:00:00,56082
2025-08-11 09:00:00,54680
2025-08-11 10:00:00,54478
2025-08-11 11:00:00,55149
2025-08-11 12:00:00,56397
2025-08-11 13:00:00,56772
2025-08-11 14:00:00,59501
2025-08-11 15:00:00,63370
2025-08-11 16:00:00,67751
2025-08-11 17:00:00,72096
2025-08-11 18:00:00,75900
2025-08-11 19:00:00,79172
2025-08-11 20:00:00,81219
2025-08-11 21:00:00,81886
2025-08-11 22:00:00,81974
2025-08-11 23:00:00,81534
2025-08-12 00:00:00,81240
2025-08-12 01:00:00,79078
2025-08-12 02:00:00,76610
2025-08-12 03:00:00,74012
2025-08-12 04:00:00,69772
2025-08-12 05:00:00,65981
2025-08-12 06:00:00,61975
2025-08-12 07:00:00,59139
2025-08-12 08:00:00,56996
2025-08-12 09:00:00,55770
2025-08-12 10:00:00,55094
2025-08-12 11:00:00,55871
2025-08-12 12:00:00,57271
2025-08-12 13:00:00,57272
2025-08-12 14:00:00,59650
2025-08-12 15:00:00,62848
2025-08-12 16:00:00,66251
2025-08-12 17:00:00,69977
2025-08-12 18:00:00,73836
2025-08-12 19:00:00,77549
2025-08-12 20:00:00,80448
2025-08-12 21:00:00,81389
2025-08-12 22:00:00,81099
2025-08-12 23:00:00,79179
2025-08-13 00:00:00,76444
2025-08-13 01:00:00,73951
2025-08-13 02:00:00,72345
2025-08-13 03:00:00,70350
2025-08-13 04:00:00,66506
2025-08-13 05:00:00,62362
2025-08-13 06:00:00,59070
2025-08-13 07:00:00,56353
2025-08-13 08:00:00,54535
2025-08-13 09:00:00,53695
2025-08-13 10:00:00,53578
2025-08-13 11:00:00,54494
2025-08-13 12:00:00,56277
2025-08-13 13:00:00,56678
2025-08-13 14:00:00,59246
2025-08-13 15:00:00,62184
2025-08-13 16:00:00,65515
2025-08-13 17:00:00,69063
2025-08-13 18:00:00,72741
2025-08-13 19:00:00,76313
2025-08-13 20:00:00,78827
2025-08-13 21:00:00,80680
2025-08-13 22:00:00,81210
2025-08-13 23:00:00,81228
2025-08-14 00:00:00,80070
2025-08-14 01:00:00,77034
2025-08-14 02:00:00,74457
2025-08-14 03:00:00,71996
2025-08-14 04:00:00,67860
2025-08-14 05:00:00,63910
2025-08-14 06:00:00,60571
2025-08-14 07:00:00,58009
2025-08-14 08:00:00,56121
2025-08-14 09:00:00,55003
2025-08-14 10:00:00,54922
2025-08-14 11:00:00,55812
2025-08-14 12:00:00,57455
2025-08-14 13:00:00,57723
2025-08-14 14:00:00,60063
2025-08-14 15:00:00,64089
2025-08-14 16:00:00,68661
2025-08-14 17:00:00,73370
2025-08-14 18:00:00,77632
2025-08-14 19:00:00,81325
2025-08-14 20:00:00,82075
2025-08-14 21:00:00,82396
2025-08-14 22:00:00,82553
2025-08-14 23:00:00,82478
2025-08-15 00:00:00,81980
2025-08-15 01:00:00,80986
2025-08-15 02:00:00,79064
2025-08-15 03:00:00,76757
2025-08-15 04:00:00,72882
2025-08-15 05:00:00,68752
2025-08-15 06:00:00,65021
2025-08-15 07:00:00,62121
2025-08-15 08:00:00,59903
2025-08-15 09:00:00,58416
2025-08-15 10:00:00,57453
2025-08-15 11:00:00,57834
2025-08-15 12:00:00,58891
2025-08-15 13:00:00,59115
2025-08-15 14:00:00,61607
2025-08-15 15:00:00,65676
2025-08-15 16:00:00,69958
2025-08-15 17:00:00,73198
2025-08-15 18:00:00,75765
2025-08-15 19:00:00,78506
2025-08-15 20:00:00,79887
2025-08-15 21:00:00,80489
2025-08-15 22:00:00,81087
2025-08-15 23:00:00,80992
2025-08-16 00:00:00,79703
2025-08-16 01:00:00,76662
2025-08-16 02:00:00,74037
2025-08-16 03:00:00,71798
2025-08-16 04:00:00,68407
2025-08-16 05:00:00,65030
2025-08-16 06:00:00,62058
2025-08-16 07:00:00,59603
2025-08-16 08:00:00,57559
2025-08-16 09:00:00,56040
2025-08-16 10:00:00,55014
2025-08-16 11:00:00,54750
2025-08-16 12:00:00,54777
2025-08-16 13:00:00,55099
2025-08-16 14:00:00,58024
2025-08-16 15:00:00,62241
2025-08-16 16:00:00,66765
2025-08-16 17:00:00,70810
2025-08-16 18:00:00,73686
2025-08-16 19:00:00,75663
2025-08-16 20:00:00,76897
2025-08-16 21:00:00,77894
2025-08-16 22:00:00,79038
2025-08-16 23:00:00,79347
2025-08-17 00:00:00,78228
2025-08-17 01:00:00,75927
2025-08-17 02:00:00,73744
2025-08-17 03:00:00,71303
2025-08-17 04:00:00,68219
2025-08-17 05:00:00,65365
2025-08-17 06:00:00,62273
2025-08-17 07:00:00,59331
2025-08-17 08:00:00,57479
2025-08-17 09:00:00,56058
2025-08-17 10:00:00,55003
2025-08-17 11:00:00,54355
2025-08-17 12:00:00,53931
2025-08-17 13:00:00,53890
2025-08-17 14:00:00,56788
2025-08-17 15:00:00,61444
2025-08-17 16:00:00,65787
2025-08-17 17:00:00,70555
2025-08-17 18:00:00,74587
2025-08-17 19:00:00,78142
2025-08-17 20:00:00,80535
2025-08-17 21:00:00,81564
2025-08-17 22:00:00,81806
2025-08-17 23:00:00,81730
2025-08-18 00:00:00,80745
2025-08-18 01:00:00,78941
2025-08-18 02:00:00,77271
2025-08-18 03:00:00,74282
2025-08-18 04:00:00,70032
2025-08-18 05:00:00,65498
2025-08-18 06:00:00,61780
2025-08-18 07:00:00,58848
2025-08-18 08:00:00,56993
2025-08-18 09:00:00,55971
2025-08-18 10:00:00,55631
2025-08-18 11:00:00,56535
2025-08-18 12:00:00,58215
2025-08-18 13:00:00,58667
2025-08-18 14:00:00,61354
2025-08-18 15:00:00,65312
2025-08-18 16:00:00,70421
2025-08-18 17:00:00,75526
2025-08-18 18:00:00,79921
2025-08-18 19:00:00,82315
2025-08-18 20:00:00,82695
2025-08-18 21:00:00,82966
2025-08-18 22:00:00,83538
2025-08-18 23:00:00,83597
2025-08-19 00:00:00,82638
2025-08-19 01:00:00,80419
2025-08-19 02:00:00,78538
2025-08-19 03:00:00,74423
2025-08-19 04:00:00,70065
2025-08-19 05:00:00,66304
2025-08-19 06:00:00,62860
2025-08-19 07:00:00,59861
2025-08-19 08:00:00,57619
2025-08-19 09:00:00,56167
2025-08-19 10:00:00,55844
2025-08-19 11:00:00,56531
2025-08-19 12:00:00,58250
2025-08-19 13:00:00,58242
2025-08-19 14:00:00,60114
2025-08-19 15:00:00,63652
2025-08-19 16:00:00,67976
2025-08-19 17:00:00,72873
2025-08-19 18:00:00,77354
2025-08-19 19:00:00,80603
2025-08-19 20:00:00,81909
2025-08-19 21:00:00,81907
2025-08-19 22:00:00,81641
2025-08-19 23:00:00,80279
2025-08-20 00:00:00,78401
2025-08-20 01:00:00,75633
2025-08-20 02:00:00,73822
2025-08-20 03:00:00,71424
2025-08-20 04:00:00,67485
2025-08-20 05:00:00,63408
2025-08-20 06:00:00,59983
2025-08-20 07:00:00,57648
2025-08-20 08:00:00,55674
2025-08-20 09:00:00,54496
2025-08-20 10:00:00,53942
2025-08-20 11:00:00,54700
2025-08-20 12:00:00,56482
2025-08-20 13:00:00,56649
2025-08-20 14:00:00,58964
2025-08-20 15:00:00,61910
2025-08-20 16:00:00,65033
2025-08-20 17:00:00,67878
2025-08-20 18:00:00,71003
2025-08-20 19:00:00,73901
2025-08-20 20:00:00,76097
2025-08-20 21:00:00,78044
2025-08-20 22:00:00,79723
2025-08-20 23:00:00,79478
2025-08-21 00:00:00,77756
2025-08-21 01:00:00,74865
2025-08-21 02:00:00,71977
2025-08-21 03:00:00,67876
2025-08-21 04:00:00,64904
2025-08-21 05:00:00,61845
2025-08-21 06:00:00,58595
2025-08-21 07:00:00,55986
2025-08-21 08:00:00,54145
2025-08-21 09:00:00,53179
2025-08-21 10:00:00,52878
2025-08-21 11:00:00,53828
2025-08-21 12:00:00,55716
2025-08-21 13:00:00,56110
2025-08-21 14:00:00,58818
2025-08-21 15:00:00,62255
2025-08-21 16:00:00,66404
2025-08-21 17:00:00,70896
2025-08-21 18:00:00,74910
2025-08-21 19:00:00,77924
2025-08-21 20:00:00,78831
2025-08-21 21:00:00,79077
2025-08-21 22:00:00,79366
2025-08-21 23:00:00,78843
2025-08-22 00:00:00,76291
2025-08-22 01:00:00,72821
2025-08-22 02:00:00,70763
2025-08-22 03:00:00,68030
2025-08-22 04:00:00,64341
2025-08-22 05:00:00,60498
2025-08-22 06:00:00,57268
2025-08-22 07:00:00,55035
2025-08-22 08:00:00,53575
2025-08-22 09:00:00,52617
2025-08-22 10:00:00,52170
2025-08-22 11:00:00,52971
2025-08-22 12:00:00,54903
2025-08-22 13:00:00,55537
2025-08-22 14:00:00,57727
2025-08-22 15:00:00,60534
2025-08-22 16:00:00,63780
2025-08-22 17:00:00,67128
2025-08-22 18:00:00,69730
2025-08-22 19:00:00,72672
2025-08-22 20:00:00,74748
2025-08-22 21:00:00,76176
2025-08-22 22:00:00,77258
2025-08-22 23:00:00,77153
2025-08-23 00:00:00,75153
2025-08-23 01:00:00,72236
2025-08-23 02:00:00,69603
2025-08-23 03:00:00,67046
2025-08-23 04:00:00,63634
2025-08-23 05:00:00,60121
2025-08-23 06:00:00,56691
2025-08-23 07:00:00,54003
2025-08-23 08:00:00,52253
2025-08-23 09:00:00,51026
2025-08-23 10:00:00,50277
2025-08-23 11:00:00,50091
2025-08-23 12:00:00,50376
2025-08-23 13:00:00,50719
2025-08-23 14:00:00,54223
2025-08-23 15:00:00,58419
2025-08-23 16:00:00,62785
2025-08-23 17:00:00,67552
2025-08-23 18:00:00,71114
2025-08-23 19:00:00,73718
2025-08-23 20:00:00,75460
2025-08-23 21:00:00,76822
2025-08-23 22:00:00,77553
2025-08-23 23:00:00,77013
2025-08-24 00:00:00,75614
2025-08-24 01:00:00,72702
2025-08-24 02:00:00,69268
2025-08-24 03:00:00,66642
2025-08-24 04:00:00,63675
2025-08-24 05:00:00,60154
2025-08-24 06:00:00,56956
2025-08-24 07:00:00,54571
2025-08-24 08:00:00,52820
2025-08-24 09:00:00,51425
2025-08-24 10:00:00,50477
2025-08-24 11:00:00,49909
2025-08-24 12:00:00,49752
2025-08-24 13:00:00,49402
2025-08-24 14:00:00,53025
2025-08-24 15:00:00,57424
2025-08-24 16:00:00,62126
2025-08-24 17:00:00,67473
2025-08-24 18:00:00,71953
2025-08-24 19:00:00,75636
2025-08-24 20:00:00,78302
2025-08-24 21:00:00,80311
2025-08-24 22:00:00,81554
2025-08-24 23:00:00,81744
2025-08-25 00:00:00,80223
2025-08-25 01:00:00,76049
2025-08-25 02:00:00,74042
2025-08-25 03:00:00,70624
2025-08-25 04:00:00,67007
2025-08-25 05:00:00,62741
2025-08-25 06:00:00,58957
2025-08-25 07:00:00,55967
2025-08-25 08:00:00,53906
2025-08-25 09:00:00,52929
2025-08-25 10:00:00,52451
2025-08-25 11:00:00,53544
2025-08-25 12:00:00,55334
2025-08-25 13:00:00,55871
2025-08-25 14:00:00,57698
2025-08-25 15:00:00,61438
2025-08-25 16:00:00,65900
2025-08-25 17:00:00,70336
2025-08-25 18:00:00,74402
2025-08-25 19:00:00,77831
2025-08-25 20:00:00,80485
2025-08-25 21:00:00,82253
2025-08-25 22:00:00,82503
2025-08-25 23:00:00,82391
2025-08-26 00:00:00,80959
2025-08-26 01:00:00,77788
2025-08-26 02:00:00,75177
2025-08-26 03:00:00,72255
2025-08-26 04:00:00,67911
2025-08-26 05:00:00,63460
2025-08-26 06:00:00,59680
2025-08-26 07:00:00,57053
2025-08-26 08:00:00,54901
2025-08-26 09:00:00,53458
2025-08-26 10:00:00,53057
2025-08-26 11:00:00,53844
2025-08-26 12:00:00,55715
2025-08-26 13:00:00,56024
2025-08-26 14:00:00,57323
2025-08-26 15:00:00,60035
2025-08-26 16:00:00,63344
2025-08-26 17:00:00,66800
2025-08-26 18:00:00,70394
2025-08-26 19:00:00,73572
2025-08-26 20:00:00,75964
2025-08-26 21:00:00,77115
2025-08-26 22:00:00,77453
2025-08-26 23:00:00,77263
2025-08-27 00:00:00,75980
2025-08-27 01:00:00,73487
2025-08-27 02:00:00,71471
2025-08-27 03:00:00,68473
2025-08-27 04:00:00,64792
2025-08-27 05:00:00,60783
2025-08-27 06:00:00,57300
2025-08-27 07:00:00,54845
2025-08-27 08:00:00,53097
2025-08-27 09:00:00,52315
2025-08-27 10:00:00,52302
2025-08-27 11:00:00,53316
2025-08-27 12:00:00,55580
2025-08-27 13:00:00,55626
2025-08-27 14:00:00,57256
2025-08-27 15:00:00,59952
2025-08-27 16:00:00,63626
2025-08-27 17:00:00,67635
2025-08-27 18:00:00,70973
2025-08-27 19:00:00,73985
2025-08-27 20:00:00,76430
2025-08-27 21:00:00,78325
2025-08-27 22:00:00,79423
2025-08-27 23:00:00,79714
2025-08-28 00:00:00,78333
2025-08-28 01:00:00,75656
2025-08-28 02:00:00,73908
2025-08-28 03:00:00,71239
2025-08-28 04:00:00,67576
2025-08-28 05:00:00,63615
2025-08-28 06:00:00,60256
2025-08-28 07:00:00,57788
2025-08-28 08:00:00,55877
2025-08-28 09:00:00,54832
2025-08-28 10:00:00,54760
2025-08-28 11:00:00,55947
2025-08-28 12:00:00,57798
2025-08-28 13:00:00,58082
2025-08-28 14:00:00,60071
2025-08-28 15:00:00,63927
2025-08-28 16:00:00,68026
2025-08-28 17:00:00,72197
2025-08-28 18:00:00,76056
2025-08-28 19:00:00,79814
2025-08-28 20:00:00,82497
2025-08-28 21:00:00,82827
2025-08-28 22:00:00,82692
2025-08-28 23:00:00,81983
2025-08-29 00:00:00,80169
2025-08-29 01:00:00,77272
2025-08-29 02:00:00,75154
2025-08-29 03:00:00,72295
2025-08-29 04:00:00,68409
2025-08-29 05:00:00,64454
2025-08-29 06:00:00,60824
2025-08-29 07:00:00,58337
2025-08-29 08:00:00,56535
2025-08-29 09:00:00,55324
2025-08-29 10:00:00,54841
2025-08-29 11:00:00,55516
2025-08-29 12:00:00,56791
2025-08-29 13:00:00,57150
2025-08-29 14:00:00,59035
2025-08-29 15:00:00,61919
2025-08-29 16:00:00,64722
2025-08-29 17:00:00,67742
2025-08-29 18:00:00,70746
2025-08-29 19:00:00,73500
2025-08-29 20:00:00,75634
2025-08-29 21:00:00,76485
2025-08-29 22:00:00,75919
2025-08-29 23:00:00,75044
2025-08-30 00:00:00,73297
2025-08-30 01:00:00,70954
2025-08-30 02:00:00,69173
2025-08-30 03:00:00,67287
2025-08-30 04:00:00,64372
2025-08-30 05:00:00,61421
2025-08-30 06:00:00,58380
2025-08-30 07:00:00,56000
2025-08-30 08:00:00,54034
2025-08-30 09:00:00,52695
2025-08-30 10:00:00,51770
2025-08-30 11:00:00,51371
2025-08-30 12:00:00,51678
2025-08-30 13:00:00,51911
2025-08-30 14:00:00,54177
2025-08-30 15:00:00,57679
2025-08-30 16:00:00,61157
2025-08-30 17:00:00,64284
2025-08-30 18:00:00,66817
2025-08-30 19:00:00,68701
2025-08-30 20:00:00,70251
2025-08-30 21:00:00,71337
2025-08-30 22:00:00,71496
2025-08-30 23:00:00,70434
2025-08-31 00:00:00,68809
2025-08-31 01:00:00,67108
2025-08-31 02:00:00,65952
2025-08-31 03:00:00,63973
2025-08-31 04:00:00,61358
2025-08-31 05:00:00,58601
2025-08-31 06:00:00,55834
2025-08-31 07:00:00,53738
2025-08-31 08:00:00,52209
2025-08-31 09:00:00,50821
2025-08-31 10:00:00,50159
2025-08-31 11:00:00,49747
2025-08-31 12:00:00,49874
2025-08-31 13:00:00,49938
2025-08-31 14:00:00,52168
2025-08-31 15:00:00,55333
2025-08-31 16:00:00,58160
2025-08-31 17:00:00,60882
2025-08-31 18:00:00,63418
2025-08-31 19:00:00,64788
2025-08-31 20:00:00,65838
2025-08-31 21:00:00,66266
2025-08-31 22:00:00,66557
2025-08-31 23:00:00,66399
2025-09-01 00:00:00,65163
2025-09-01 01:00:00,63419
2025-09-01 02:00:00,62409
2025-09-01 03:00:00,61048
2025-09-01 04:00:00,58669
2025-09-01 05:00:00,55925
2025-09-01 06:00:00,53181
2025-09-01 07:00:00,51226
2025-09-01 08:00:00,50075
2025-09-01 09:00:00,49344
2025-09-01 10:00:00,49041
2025-09-01 11:00:00,49135
2025-09-01 12:00:00,49488
2025-09-01 13:00:00,49720
2025-09-01 14:00:00,51676
2025-09-01 15:00:00,55048
2025-09-01 16:00:00,59036
2025-09-01 17:00:00,63059
2025-09-01 18:00:00,66416
2025-09-01 19:00:00,68895
2025-09-01 20:00:00,70725
2025-09-01 21:00:00,71792
2025-09-01 22:00:00,71881
2025-09-01 23:00:00,71748
2025-09-02 00:00:00,70685
2025-09-02 01:00:00,68543
2025-09-02 02:00:00,66890
2025-09-02 03:00:00,64702
2025-09-02 04:00:00,60765
2025-09-02 05:00:00,56785
2025-09-02 06:00:00,53779
2025-09-02 07:00:00,51609
2025-09-02 08:00:00,50193
2025-09-02 09:00:00,49357
2025-09-02 10:00:00,49526
2025-09-02 11:00:00,50779
2025-09-02 12:00:00,53127
2025-09-02 13:00:00,53504
2025-09-02 14:00:00,55897
2025-09-02 15:00:00,59183
2025-09-02 16:00:00,63211
2025-09-02 17:00:00,67248
2025-09-02 18:00:00,70630
2025-09-02 19:00:00,73359
2025-09-02 20:00:00,75078
2025-09-02 21:00:00,75750
2025-09-02 22:00:00,75992
2025-09-02 23:00:00,75941
2025-09-03 00:00:00,75074
2025-09-03 01:00:00,73909
2025-09-03 02:00:00,71489
2025-09-03 03:00:00,68391
2025-09-03 04:00:00,64336
2025-09-03 05:00:00,60395
2025-09-03 06:00:00,56935
2025-09-03 07:00:00,54598
2025-09-03 08:00:00,52776
2025-09-03 09:00:00,51690
2025-09-03 10:00:00,51520
2025-09-03 11:00:00,52609
2025-09-03 12:00:00,54477
2025-09-03 13:00:00,54422
2025-09-03 14:00:00,56569
2025-09-03 15:00:00,59763
2025-09-03 16:00:00,63371
2025-09-03 17:00:00,66986
2025-09-03 18:00:00,70772
2025-09-03 19:00:00,73942
2025-09-03 20:00:00,75547
2025-09-03 21:00:00,75438
2025-09-03 22:00:00,75972
2025-09-03 23:00:00,75781
2025-09-04 00:00:00,75410
2025-09-04 01:00:00,73217
2025-09-04 02:00:00,70836
2025-09-04 03:00:00,67714
2025-09-04 04:00:00,63298
2025-09-04 05:00:00,58699
2025-09-04 06:00:00,54880
2025-09-04 07:00:00,52327
2025-09-04 08:00:00,50485
2025-09-04 09:00:00,49382
2025-09-04 10:00:00,49293
2025-09-04 11:00:00,50453
2025-09-04 12:00:00,52189
2025-09-04 13:00:00,52608
2025-09-04 14:00:00,54593
2025-09-04 15:00:00,58288
2025-09-04 16:00:00,62690
2025-09-04 17:00:00,67105
2025-09-04 18:00:00,71990
2025-09-04 19:00:00,75447
2025-09-04 20:00:00,76670
2025-09-04 21:00:00,78167
2025-09-04 22:00:00,79380
2025-09-04 23:00:00,79872
2025-09-05 00:00:00,79284
2025-09-05 01:00:00,77046
2025-09-05 02:00:00,74892
2025-09-05 03:00:00,71969
2025-09-05 04:00:00,67847
2025-09-05 05:00:00,63711
2025-09-05 06:00:00,60089
2025-09-05 07:00:00,57452
2025-09-05 08:00:00,55272
2025-09-05 09:00:00,54114
2025-09-05 10:00:00,53827
2025-09-05 11:00:00,54541
2025-09-05 12:00:00,56436
2025-09-05 13:00:00,56729
2025-09-05 14:00:00,58235
2025-09-05 15:00:00,61674
2025-09-05 16:00:00,65380
2025-09-05 17:00:00,68599
2025-09-05 18:00:00,72544
2025-09-05 19:00:00,76410
2025-09-05 20:00:00,78101
2025-09-05 21:00:00,78953
2025-09-05 22:00:00,78902
2025-09-05 23:00:00,78443
2025-09-06 00:00:00,77036
2025-09-06 01:00:00,74048
2025-09-06 02:00:00,71875
2025-09-06 03:00:00,69169
2025-09-06 04:00:00,65529
2025-09-06 05:00:00,61770
2025-09-06 06:00:00,58622
2025-09-06 07:00:00,56183
2025-09-06 08:00:00,53725
2025-09-06 09:00:00,52065
2025-09-06 10:00:00,51199
2025-09-06 11:00:00,50867
2025-09-06 12:00:00,50865
2025-09-06 13:00:00,51265
2025-09-06 14:00:00,52697
2025-09-06 15:00:00,55232
2025-09-06 16:00:00,57705
2025-09-06 17:00:00,59879
2025-09-06 18:00:00,61585
2025-09-06 19:00:00,63208
2025-09-06 20:00:00,64530
2025-09-06 21:00:00,65300
2025-09-06 22:00:00,65640
2025-09-06 23:00:00,65435
2025-09-07 00:00:00,64204
2025-09-07 01:00:00,62425
2025-09-07 02:00:00,61322
2025-09-07 03:00:00,59842
2025-09-07 04:00:00,57399
2025-09-07 05:00:00,54760
2025-09-07 06:00:00,52400
2025-09-07 07:00:00,50598
2025-09-07 08:00:00,49246
2025-09-07 09:00:00,48304
2025-09-07 10:00:00,47602
2025-09-07 11:00:00,47471
2025-09-07 12:00:00,47700
2025-09-07 13:00:00,47897
2025-09-07 14:00:00,49480
2025-09-07 15:00:00,51901
2025-09-07 16:00:00,53549
2025-09-07 17:00:00,54813
2025-09-07 18:00:00,56115
2025-09-07 19:00:00,57271
2025-09-07 20:00:00,58820
2025-09-07 21:00:00,60413
2025-09-07 22:00:00,61666
2025-09-07 23:00:00,62206
2025-09-08 00:00:00,61723
2025-09-08 01:00:00,61225
2025-09-08 02:00:00,60684
2025-09-08 03:00:00,58863
2025-09-08 04:00:00,55889
2025-09-08 05:00:00,52636
2025-09-08 06:00:00,49884
2025-09-08 07:00:00,47863
2025-09-08 08:00:00,46528
2025-09-08 09:00:00,46084
2025-09-08 10:00:00,46248
2025-09-08 11:00:00,47591
2025-09-08 12:00:00,49572
2025-09-08 13:00:00,49929
2025-09-08 14:00:00,51308
2025-09-08 15:00:00,53178
2025-09-08 16:00:00,55431
2025-09-08 17:00:00,57924
2025-09-08 18:00:00,60573
2025-09-08 19:00:00,63386
2025-09-08 20:00:00,65843
2025-09-08 21:00:00,68074
2025-09-08 22:00:00,69712
2025-09-08 23:00:00,69966
2025-09-09 00:00:00,68427
2025-09-09 01:00:00,65613
2025-09-09 02:00:00,63651
2025-09-09 03:00:00,60583
2025-09-09 04:00:00,56549
2025-09-09 05:00:00,52672
2025-09-09 06:00:00,49627
2025-09-09 07:00:00,47523
2025-09-09 08:00:00,45948
2025-09-09 09:00:00,45086
2025-09-09 10:00:00,45107
2025-09-09 11:00:00,46131
2025-09-09 12:00:00,48405
2025-09-09 13:00:00,48949
2025-09-09 14:00:00,49949
2025-09-09 15:00:00,52243
2025-09-09 16:00:00,54898
2025-09-09 17:00:00,57829
2025-09-09 18:00:00,61035
2025-09-09 19:00:00,64404
2025-09-09 20:00:00,67401
2025-09-09 21:00:00,70155
2025-09-09 22:00:00,72154
2025-09-09 23:00:00,72242
2025-09-10 00:00:00,70488
2025-09-10 01:00:00,67524
2025-09-10 02:00:00,65214
2025-09-10 03:00:00,62149
2025-09-10 04:00:00,58075
2025-09-10 05:00:00,53908
2025-09-10 06:00:00,50758
2025-09-10 07:00:00,48517
2025-09-10 08:00:00,47016
2025-09-10 09:00:00,46113
2025-09-10 10:00:00,46059
2025-09-10 11:00:00,47028
2025-09-10 12:00:00,49169
2025-09-10 13:00:00,49773
2025-09-10 14:00:00,51141
2025-09-10 15:00:00,53651
2025-09-10 16:00:00,56799
2025-09-10 17:00:00,60492
2025-09-10 18:00:00,64320
2025-09-10 19:00:00,68096
2025-09-10 20:00:00,71713
2025-09-10 21:00:00,74427
2025-09-10 22:00:00,76358
2025-09-10 23:00:00,76612
2025-09-11 00:00:00,74678
2025-09-11 01:00:00,70784
2025-09-11 02:00:00,67794
2025-09-11 03:00:00,65150
2025-09-11 04:00:00,61236
2025-09-11 05:00:00,57169
2025-09-11 06:00:00,53730
2025-09-11 07:00:00,51297
2025-09-11 08:00:00,49580
2025-09-11 09:00:00,48576
2025-09-11 10:00:00,48382
2025-09-11 11:00:00,49707
2025-09-11 12:00:00,51891
2025-09-11 13:00:00,52444
2025-09-11 14:00:00,54117
2025-09-11 15:00:00,57686
2025-09-11 16:00:00,61469
2025-09-11 17:00:00,65436
2025-09-11 18:00:00,69287
2025-09-11 19:00:00,72696
2025-09-11 20:00:00,75147
2025-09-11 21:00:00,77089
2025-09-11 22:00:00,78093
2025-09-11 23:00:00,78024
2025-09-12 00:00:00,76334
2025-09-12 01:00:00,73357
2025-09-12 02:00:00,71040
2025-09-12 03:00:00,68043
2025-09-12 04:00:00,64064
2025-09-12 05:00:00,59819
2025-09-12 06:00:00,56266
2025-09-12 07:00:00,53666
2025-09-12 08:00:00,51864
2025-09-12 09:00:00,50737
2025-09-12 10:00:00,50517
2025-09-12 11:00:00,51160
2025-09-12 12:00:00,53114
2025-09-12 13:00:00,53723
2025-09-12 14:00:00,55644
2025-09-12 15:00:00,59438
2025-09-12 16:00:00,63353
2025-09-12 17:00:00,67478
2025-09-12 18:00:00,71223
2025-09-12 19:00:00,74557
2025-09-12 20:00:00,77016
2025-09-12 21:00:00,77819
2025-09-12 22:00:00,78402
2025-09-12 23:00:00,78180
2025-09-13 00:00:00,76185
2025-09-13 01:00:00,72728
2025-09-13 02:00:00,70083
2025-09-13 03:00:00,67260
2025-09-13 04:00:00,63951
2025-09-13 05:00:00,60437
2025-09-13 06:00:00,57096
2025-09-13 07:00:00,54106
2025-09-13 08:00:00,52026
2025-09-13 09:00:00,50388
2025-09-13 10:00:00,49392
2025-09-13 11:00:00,49264
2025-09-13 12:00:00,49723
2025-09-13 13:00:00,49963
2025-09-13 14:00:00,52235
2025-09-13 15:00:00,56271
2025-09-13 16:00:00,60790
2025-09-13 17:00:00,64885
2025-09-13 18:00:00,68658
2025-09-13 19:00:00,71739
2025-09-13 20:00:00,74094
2025-09-13 21:00:00,75503
2025-09-13 22:00:00,76015
2025-09-13 23:00:00,75392
2025-09-14 00:00:00,72693
2025-09-14 01:00:00,69039
2025-09-14 02:00:00,66959
2025-09-14 03:00:00,64042
2025-09-14 04:00:00,61319
2025-09-14 05:00:00,58348
2025-09-14 06:00:00,55214
2025-09-14 07:00:00,53073
2025-09-14 08:00:00,51091
2025-09-14 09:00:00,49571
2025-09-14 10:00:00,48574
2025-09-14 11:00:00,48151
2025-09-14 12:00:00,48024
2025-09-14 13:00:00,48049
2025-09-14 14:00:00,50438
2025-09-14 15:00:00,54326
2025-09-14 16:00:00,58542
2025-09-14 17:00:00,63012
2025-09-14 18:00:00,67453
2025-09-14 19:00:00,70942
2025-09-14 20:00:00,73227
2025-09-14 21:00:00,74590
2025-09-14 22:00:00,75346
2025-09-14 23:00:00,74977
2025-09-15 00:00:00,73310
2025-09-15 01:00:00,70979
2025-09-15 02:00:00,68931
2025-09-15 03:00:00,66014
2025-09-15 04:00:00,62258
2025-09-15 05:00:00,58470
2025-09-15 06:00:00,55145
2025-09-15 07:00:00,52834
2025-09-15 08:00:00,51196
2025-09-15 09:00:00,50254
2025-09-15 10:00:00,50165
2025-09-15 11:00:00,51207
2025-09-15 12:00:00,53223
2025-09-15 13:00:00,53624
2025-09-15 14:00:00,54937
2025-09-15 15:00:00,58076
2025-09-15 16:00:00,62012
2025-09-15 17:00:00,66244
2025-09-15 18:00:00,70398
2025-09-15 19:00:00,73722
2025-09-15 20:00:00,75924
2025-09-15 21:00:00,77435
2025-09-15 22:00:00,78201
2025-09-15 23:00:00,77603
2025-09-16 00:00:00,75375
2025-09-16 01:00:00,72390
2025-09-16 02:00:00,70224
2025-09-16 03:00:00,66824
2025-09-16 04:00:00,62563
2025-09-16 05:00:00,58364
2025-09-16 06:00:00,54793
2025-09-16 07:00:00,52249
2025-09-16 08:00:00,50445
2025-09-16 09:00:00,49180
2025-09-16 10:00:00,48928
2025-09-16 11:00:00,50084
2025-09-16 12:00:00,52159
2025-09-16 13:00:00,52551
2025-09-16 14:00:00,54013
2025-09-16 15:00:00,57231
2025-09-16 16:00:00,61111
2025-09-16 17:00:00,65102
2025-09-16 18:00:00,68970
2025-09-16 19:00:00,72491
2025-09-16 20:00:00,74947
2025-09-16 21:00:00,76858
2025-09-16 22:00:00,77894
2025-09-16 23:00:00,77576
2025-09-17 00:00:00,75286
2025-09-17 01:00:00,72360
2025-09-17 02:00:00,69963
2025-09-17 03:00:00,66771
2025-09-17 04:00:00,62784
2025-09-17 05:00:00,58669
2025-09-17 06:00:00,55371
2025-09-17 07:00:00,52775
2025-09-17 08:00:00,50978
2025-09-17 09:00:00,49796
2025-09-17 10:00:00,49570
2025-09-17 11:00:00,50551
2025-09-17 12:00:00,52597
2025-09-17 13:00:00,53049
2025-09-17 14:00:00,54511
2025-09-17 15:00:00,57900
2025-09-17 16:00:00,61833
2025-09-17 17:00:00,65834
2025-09-17 18:00:00,69950
2025-09-17 19:00:00,73650
2025-09-17 20:00:00,76073
2025-09-17 21:00:00,77622
2025-09-17 22:00:00,77980
2025-09-17 23:00:00,77292
2025-09-18 00:00:00,74752
2025-09-18 01:00:00,71696
2025-09-18 02:00:00,69534
2025-09-18 03:00:00,66636
2025-09-18 04:00:00,62925
2025-09-18 05:00:00,58906
2025-09-18 06:00:00,55569
2025-09-18 07:00:00,53016
2025-09-18 08:00:00,51137
2025-09-18 09:00:00,49953
2025-09-18 10:00:00,49762
2025-09-18 11:00:00,50651
2025-09-18 12:00:00,52759
2025-09-18 13:00:00,53341
2025-09-18 14:00:00,54647
2025-09-18 15:00:00,57864
2025-09-18 16:00:00,62011
2025-09-18 17:00:00,66085
2025-09-18 18:00:00,70140
2025-09-18 19:00:00,73688
2025-09-18 20:00:00,75620
2025-09-18 21:00:00,76831
2025-09-18 22:00:00,76653
2025-09-18 23:00:00,75880
2025-09-19 00:00:00,73422
2025-09-19 01:00:00,71189
2025-09-19 02:00:00,69123
2025-09-19 03:00:00,66261
2025-09-19 04:00:00,62909
2025-09-19 05:00:00,58851
2025-09-19 06:00:00,55602
2025-09-19 07:00:00,53149
2025-09-19 08:00:00,51562
2025-09-19 09:00:00,50473
2025-09-19 10:00:00,50372
2025-09-19 11:00:00,51301
2025-09-19 12:00:00,53144
2025-09-19 13:00:00,53736
2025-09-19 14:00:00,55399
2025-09-19 15:00:00,58606
2025-09-19 16:00:00,62134
2025-09-19 17:00:00,65888
2025-09-19 18:00:00,69436
2025-09-19 19:00:00,72850
2025-09-19 20:00:00,75236
2025-09-19 21:00:00,76816
2025-09-19 22:00:00,77758
2025-09-19 23:00:00,76996
2025-09-20 00:00:00,74616
2025-09-20 01:00:00,71110
2025-09-20 02:00:00,68791
2025-09-20 03:00:00,65925
2025-09-20 04:00:00,62743
2025-09-20 05:00:00,59538
2025-09-20 06:00:00,56454
2025-09-20 07:00:00,53855
2025-09-20 08:00:00,51845
2025-09-20 09:00:00,50346
2025-09-20 10:00:00,49371
2025-09-20 11:00:00,49130
2025-09-20 12:00:00,49571
2025-09-20 13:00:00,49761
2025-09-20 14:00:00,52084
2025-09-20 15:00:00,56345
2025-09-20 16:00:00,60529
2025-09-20 17:00:00,64688
2025-09-20 18:00:00,68488
2025-09-20 19:00:00,71661
2025-09-20 20:00:00,73917
2025-09-20 21:00:00,75483
2025-09-20 22:00:00,75900
2025-09-20 23:00:00,75257
2025-09-21 00:00:00,72867
2025-09-21 01:00:00,70153
2025-09-21 02:00:00,67922
2025-09-21 03:00:00,65293
2025-09-21 04:00:00,62244
2025-09-21 05:00:00,59198
2025-09-21 06:00:00,56624
2025-09-21 07:00:00,54146
2025-09-21 08:00:00,52460
2025-09-21 09:00:00,51060
2025-09-21 10:00:00,50101
2025-09-21 11:00:00,49735
2025-09-21 12:00:00,49688
2025-09-21 13:00:00,49865
2025-09-21 14:00:00,52374
2025-09-21 15:00:00,56747
2025-09-21 16:00:00,61081
2025-09-21 17:00:00,65278
2025-09-21 18:00:00,69170
2025-09-21 19:00:00,72104
2025-09-21 20:00:00,74307
2025-09-21 21:00:00,75786
2025-09-21 22:00:00,76402
2025-09-21 23:00:00,75961
2025-09-22 00:00:00,74131
2025-09-22 01:00:00,71648
2025-09-22 02:00:00,69357
2025-09-22 03:00:00,66562
2025-09-22 04:00:00,62925
2025-09-22 05:00:00,59422
2025-09-22 06:00:00,56420
2025-09-22 07:00:00,54093
2025-09-22 08:00:00,52718
2025-09-22 09:00:00,51943
2025-09-22 10:00:00,52126
2025-09-22 11:00:00,53561
2025-09-22 12:00:00,55586
2025-09-22 13:00:00,56347
2025-09-22 14:00:00,57426
2025-09-22 15:00:00,60722
2025-09-22 16:00:00,64437
2025-09-22 17:00:00,67837
2025-09-22 18:00:00,71729
2025-09-22 19:00:00,75388
2025-09-22 20:00:00,77597
2025-09-22 21:00:00,78592
2025-09-22 22:00:00,78831
2025-09-22 23:00:00,78863
2025-09-23 00:00:00,77697
2025-09-23 01:00:00,75796
2025-09-23 02:00:00,74047
2025-09-23 03:00:00,70833
2025-09-23 04:00:00,67442
2025-09-23 05:00:00,63688
2025-09-23 06:00:00,60275
2025-09-23 07:00:00,57728
2025-09-23 08:00:00,55810
2025-09-23 09:00:00,54837
2025-09-23 10:00:00,54641
2025-09-23 11:00:00,55554
2025-09-23 12:00:00,57726
2025-09-23 13:00:00,58189
2025-09-23 14:00:00,59579
2025-09-23 15:00:00,62991
2025-09-23 16:00:00,66882
2025-09-23 17:00:00,70806
2025-09-23 18:00:00,74477
2025-09-23 19:00:00,78021
2025-09-23 20:00:00,78901
2025-09-23 21:00:00,79113
2025-09-23 22:00:00,79084
2025-09-23 23:00:00,78857
2025-09-24 00:00:00,77934
2025-09-24 01:00:00,75578
2025-09-24 02:00:00,73851
2025-09-24 03:00:00,70695
2025-09-24 04:00:00,67790
2025-09-24 05:00:00,63825
2025-09-24 06:00:00,60608
2025-09-24 07:00:00,58150
2025-09-24 08:00:00,55971
2025-09-24 09:00:00,54334
2025-09-24 10:00:00,54316
2025-09-24 11:00:00,55490
2025-09-24 12:00:00,57474
2025-09-24 13:00:00,57898
2025-09-24 14:00:00,58640
2025-09-24 15:00:00,60599
2025-09-24 16:00:00,62651
2025-09-24 17:00:00,64695
2025-09-24 18:00:00,66630
2025-09-24 19:00:00,68843
2025-09-24 20:00:00,69721
2025-09-24 21:00:00,70848
2025-09-24 22:00:00,72115
2025-09-24 23:00:00,72299
2025-09-25 00:00:00,70210
2025-09-25 01:00:00,67931
2025-09-25 02:00:00,66306
2025-09-25 03:00:00,63567
2025-09-25 04:00:00,60200
2025-09-25 05:00:00,56509
2025-09-25 06:00:00,53212
2025-09-25 07:00:00,50939
2025-09-25 08:00:00,49341
2025-09-25 09:00:00,48242
2025-09-25 10:00:00,48443
2025-09-25 11:00:00,49552
2025-09-25 12:00:00,51671
2025-09-25 13:00:00,52387
2025-09-25 14:00:00,53356
2025-09-25 15:00:00,56119
2025-09-25 16:00:00,58728
2025-09-25 17:00:00,61675
2025-09-25 18:00:00,64817
2025-09-25 19:00:00,67506
2025-09-25 20:00:00,69612
2025-09-25 21:00:00,71076
2025-09-25 22:00:00,71868
2025-09-25 23:00:00,71361
2025-09-26 00:00:00,68920
2025-09-26 01:00:00,65930
2025-09-26 02:00:00,63356
2025-09-26 03:00:00,60708
2025-09-26 04:00:00,57945
2025-09-26 05:00:00,54222
2025-09-26 06:00:00,51459
2025-09-26 07:00:00,49070
2025-09-26 08:00:00,47586
2025-09-26 09:00:00,46676
2025-09-26 10:00:00,46451
2025-09-26 11:00:00,47494
2025-09-26 12:00:00,49472
2025-09-26 13:00:00,50187
2025-09-26 14:00:00,51230
2025-09-26 15:00:00,54059
2025-09-26 16:00:00,57297
2025-09-26 17:00:00,60652
2025-09-26 18:00:00,63841
2025-09-26 19:00:00,66900
2025-09-26 20:00:00,69271
2025-09-26 21:00:00,70980
2025-09-26 22:00:00,72230
2025-09-26 23:00:00,71689
2025-09-27 00:00:00,68052
2025-09-27 01:00:00,64324
2025-09-27 02:00:00,62418
2025-09-27 03:00:00,59529
2025-09-27 04:00:00,56246
2025-09-27 05:00:00,53430
2025-09-27 06:00:00,50479
2025-09-27 07:00:00,47968
2025-09-27 08:00:00,46265
2025-09-27 09:00:00,45034
2025-09-27 10:00:00,44504
2025-09-27 11:00:00,44548
2025-09-27 12:00:00,45053
2025-09-27 13:00:00,45453
2025-09-27 14:00:00,47387
2025-09-27 15:00:00,50827
2025-09-27 16:00:00,54529
2025-09-27 17:00:00,58077
2025-09-27 18:00:00,61523
2025-09-27 19:00:00,64798
2025-09-27 20:00:00,67510
2025-09-27 21:00:00,69702
2025-09-27 22:00:00,70961
2025-09-27 23:00:00,70512
2025-09-28 00:00:00,68028
2025-09-28 01:00:00,64577
2025-09-28 02:00:00,62183
2025-09-28 03:00:00,59235
2025-09-28 04:00:00,56104
2025-09-28 05:00:00,52953
2025-09-28 06:00:00,50160
2025-09-28 07:00:00,47734
2025-09-28 08:00:00,45992
2025-09-28 09:00:00,44731
2025-09-28 10:00:00,43941
2025-09-28 11:00:00,43590
2025-09-28 12:00:00,43766
2025-09-28 13:00:00,43941
2025-09-28 14:00:00,45964
2025-09-28 15:00:00,49416
2025-09-28 16:00:00,53005
2025-09-28 17:00:00,56597
2025-09-28 18:00:00,59991
2025-09-28 19:00:00,63256
2025-09-28 20:00:00,65925
2025-09-28 21:00:00,68071
2025-09-28 22:00:00,69128
2025-09-28 23:00:00,68796
2025-09-29 00:00:00,66973
2025-09-29 01:00:00,64672
2025-09-29 02:00:00,62657
2025-09-29 03:00:00,59375
2025-09-29 04:00:00,55828
2025-09-29 05:00:00,52131
2025-09-29 06:00:00,49244
2025-09-29 07:00:00,46866
2025-09-29 08:00:00,45418
2025-09-29 09:00:00,44670
2025-09-29 10:00:00,44337
2025-09-29 11:00:00,45338
2025-09-29 12:00:00,47536
2025-09-29 13:00:00,48446
2025-09-29 14:00:00,49598
2025-09-29 15:00:00,51474
2025-09-29 16:00:00,55596
2025-09-29 17:00:00,59113
2025-09-29 18:00:00,62094
2025-09-29 19:00:00,65351
2025-09-29 20:00:00,67994
2025-09-29 21:00:00,69723
2025-09-29 22:00:00,70624
2025-09-29 23:00:00,69689
2025-09-30 00:00:00,67422
2025-09-30 01:00:00,65910
2025-09-30 02:00:00,63858
2025-09-30 03:00:00,60977
2025-09-30 04:00:00,57466
2025-09-30 05:00:00,53848
2025-09-30 06:00:00,50845
2025-09-30 07:00:00,48789
2025-09-30 08:00:00,47354
2025-09-30 09:00:00,46557
2025-09-30 10:00:00,46586
2025-09-30 11:00:00,47804
2025-09-30 12:00:00,50175
2025-09-30 13:00:00,50984
2025-09-30 14:00:00,51634
2025-09-30 15:00:00,54051
2025-09-30 16:00:00,57198
2025-09-30 17:00:00,60733
2025-09-30 18:00:00,64728
2025-09-30 19:00:00,68392
2025-09-30 20:00:00,70913
2025-09-30 21:00:00,72864
2025-09-30 22:00:00,73968
2025-09-30 23:00:00,73798
